Time,Temperature (C),Pressure (kPa)
2026-04-02 14:44:27.963,23.3,100.9
2026-04-02 14:52:34.526,23.2,100.8
2026-04-02 14:58:11.170,23.2,100.8
2026-04-02 15:01:51.084,23.1,100.9
2026-04-02 15:05:35.024,23.1,100.8
2026-04-02 15:09:15.710,23.2,100.9
2026-04-02 15:13:04.099,23.1,100.9
2026-04-02 15:16:27.824,23.1,100.8
2026-04-02 15:18:13.566,23.2,100.8
2026-04-02 15:19:56.527,23.1,100.8
2026-04-02 15:21:46.136,23.1,100.8
2026-04-02 15:23:31.696,23.1,100.8
2026-04-02 15:25:16.262,23.1,100.8
2026-04-02 15:27:01.603,23.1,100.9
2026-04-02 15:28:49.214,23.1,100.9
2026-04-02 15:30:35.023,23.0,100.9
2026-04-02 15:32:23.773,23.0,100.9
2026-04-02 15:34:12.779,23.0,100.9
2026-04-02 15:35:58.033,23.1,100.9
2026-04-02 15:36:58.055,23.1,100.9
2026-04-02 15:37:56.293,23.0,100.9
2026-04-02 15:38:44.585,23.0,100.9
2026-04-02 15:39:39.545,23.0,100.9
2026-04-02 15:40:36.344,23.0,100.9
2026-04-02 15:41:28.450,23.0,100.9
2026-04-02 15:42:21.380,23.0,100.9
2026-04-02 15:43:17.449,23.0,100.9
2026-04-02 15:44:11.421,23.0,100.9
2026-04-02 15:45:05.327,23.0,100.9
2026-04-02 15:46:01.132,23.0,100.9
2026-04-02 15:46:54.090,23.0,100.9
2026-04-02 15:47:53.060,23.0,100.9
2026-04-02 15:48:46.768,23.0,100.9
2026-04-02 15:49:42.669,23.1,100.9
2026-04-02 15:50:39.431,23.0,100.9
2026-04-02 15:51:34.634,23.0,100.9
2026-04-02 15:52:32.142,23.0,100.9
2026-04-02 15:53:27.647,23.0,100.9
2026-04-02 15:54:21.790,23.0,100.9
2026-04-02 15:55:17.063,23.0,100.9
2026-04-02 15:56:12.294,23.1,100.9
2026-04-02 15:56:52.936,23.0,100.9
2026-04-02 15:57:27.408,23.0,100.9
2026-04-02 15:58:05.976,23.0,100.9
2026-04-02 15:58:44.462,23.0,100.9
2026-04-02 15:59:23.339,23.0,100.9
2026-04-02 15:59:56.275,23.0,100.9
2026-04-02 16:00:29.025,23.0,100.9
2026-04-02 16:01:09.599,23.0,100.9
2026-04-02 16:01:49.010,23.1,100.9
2026-04-02 16:02:24.404,23.0,100.9
2026-04-02 16:03:00.205,23.1,100.9
2026-04-02 16:03:36.798,23.0,100.9
2026-04-02 16:04:15.415,23.0,100.9
2026-04-02 16:04:50.563,23.0,100.9
2026-04-02 16:05:27.367,23.0,100.9
2026-04-02 16:06:03.661,23.0,100.9
2026-04-02 16:06:41.098,23.0,100.9
2026-04-02 16:07:18.758,23.0,100.9
2026-04-02 16:07:59.450,23.0,100.9
2026-04-02 16:08:38.645,23.0,100.9
2026-04-02 16:09:13.924,23.0,100.9
2026-04-02 16:09:51.392,23.0,100.9
2026-04-02 16:10:28.771,23.1,100.9
2026-04-02 16:11:06.864,23.0,100.9
2026-04-02 16:11:44.347,23.0,100.9
2026-04-02 16:12:20.557,23.0,100.9
2026-04-02 16:12:58.003,23.0,100.9
2026-04-02 16:13:36.941,23.0,100.9
2026-04-02 16:14:14.119,23.0,100.9
2026-04-02 16:14:50.332,23.0,100.9
2026-04-02 16:15:29.012,23.0,100.9
2026-04-02 16:16:09.320,23.0,100.9
2026-04-02 16:16:38.421,23.0,100.9
2026-04-02 16:17:04.377,23.0,100.9
2026-04-02 16:17:35.086,23.0,100.9
2026-04-02 16:17:59.900,23.0,100.9
2026-04-02 16:18:27.286,23.0,100.9
2026-04-02 16:18:51.027,23.0,100.9
2026-04-02 16:19:18.790,23.0,100.9
2026-04-02 16:19:49.999,23.0,100.9
2026-04-02 16:20:15.406,23.0,100.9
2026-04-02 16:20:43.518,23.0,100.9
2026-04-02 16:21:12.197,23.0,100.9
2026-04-02 16:21:40.892,23.0,100.9
2026-04-02 16:22:06.815,23.0,100.9
2026-04-02 16:22:33.958,23.0,100.9
2026-04-02 16:23:02.496,23.0,100.9
2026-04-02 16:23:33.639,23.0,100.9
2026-04-02 16:23:57.137,23.0,100.9
2026-04-02 16:24:27.515,23.0,100.9
2026-04-02 16:24:53.666,23.0,100.9
2026-04-02 16:25:24.241,23.0,100.9
2026-04-02 16:25:52.122,23.0,100.9
2026-04-02 16:26:18.490,23.0,100.9
2026-04-02 16:26:48.840,23.0,100.9
2026-04-02 16:27:12.649,23.0,100.9
2026-04-02 16:27:42.607,23.0,100.9
2026-04-02 16:28:11.299,23.0,100.9
2026-04-02 16:28:39.209,23.0,100.9
2026-04-02 16:29:09.001,23.0,100.9
2026-04-02 16:29:38.538,23.1,100.9
2026-04-02 16:30:07.934,23.1,100.9
2026-04-02 16:30:35.220,23.0,100.9
2026-04-02 16:31:06.326,23.0,100.9
2026-04-02 16:31:35.504,23.0,100.9
2026-04-02 16:32:05.736,23.0,100.9
2026-04-02 16:32:35.566,23.0,100.9
2026-04-02 16:33:05.561,23.0,100.9
2026-04-02 16:33:34.803,23.1,100.9
2026-04-02 16:34:03.391,23.1,100.9
2026-04-02 16:34:30.459,23.0,100.9
2026-04-02 16:34:58.937,23.0,100.9
2026-04-02 16:35:26.757,23.0,100.9
2026-04-02 16:35:56.122,23.0,100.9
2026-04-02 16:36:24.334,23.0,100.9
2026-04-02 16:36:46.724,23.0,100.9
2026-04-02 16:37:11.181,23.0,100.9
2026-04-02 16:37:33.040,23.0,100.9
2026-04-02 16:37:54.930,23.0,100.9
2026-04-02 16:38:19.934,23.0,100.9
2026-04-02 16:38:42.394,23.0,100.9
2026-04-02 16:39:04.871,23.0,100.9
2026-04-02 16:39:28.687,23.1,100.9
2026-04-02 16:39:51.556,23.0,100.9
2026-04-02 16:40:14.427,23.0,100.9
2026-04-02 16:40:37.133,23.0,100.9
2026-04-02 16:40:59.197,23.0,100.9
2026-04-02 16:41:23.326,23.0,100.9
2026-04-02 16:41:47.302,23.0,100.9
2026-04-02 16:42:10.478,23.0,100.9
2026-04-02 16:42:32.585,23.0,100.9
2026-04-02 16:42:59.277,23.0,101.0
2026-04-02 16:43:19.906,23.0,101.0
2026-04-02 16:43:45.734,23.1,101.0
2026-04-02 16:44:08.159,23.0,101.0
2026-04-02 16:44:29.719,23.0,101.0
2026-04-02 16:44:53.790,23.0,101.0
2026-04-02 16:45:16.263,23.1,101.0
2026-04-02 16:45:41.080,23.1,101.0
2026-04-02 16:46:04.105,23.1,101.0
2026-04-02 16:46:26.507,23.0,101.0
2026-04-02 16:46:50.531,23.0,101.0
2026-04-02 16:47:13.641,23.0,101.0
2026-04-02 16:47:35.941,23.0,101.0
2026-04-02 16:47:59.169,23.0,101.0
2026-04-02 16:48:25.081,23.0,101.0
2026-04-02 16:48:47.150,23.0,101.0
2026-04-02 16:49:11.005,23.0,101.0
2026-04-02 16:49:34.448,23.0,101.0
2026-04-02 16:49:57.610,23.0,101.0
2026-04-02 16:50:20.105,23.0,101.0
2026-04-02 16:50:45.191,23.0,101.0
2026-04-02 16:51:09.670,23.0,101.0
2026-04-02 16:51:33.011,23.0,101.0
2026-04-02 16:51:57.623,23.0,101.0
2026-04-02 16:52:21.443,23.0,101.0
2026-04-02 16:52:42.571,23.0,101.0
2026-04-02 16:53:07.498,23.0,101.0
2026-04-02 16:53:29.639,23.1,101.0
2026-04-02 16:53:54.515,23.0,101.0
2026-04-02 16:54:19.128,23.1,101.0
2026-04-02 16:54:40.156,23.0,101.0
2026-04-02 16:55:04.759,23.0,101.0
2026-04-02 16:55:29.622,23.0,101.0
2026-04-02 16:55:52.822,23.0,101.0
2026-04-02 16:56:15.342,23.0,101.0
2026-04-02 16:56:34.970,23.0,101.0
2026-04-02 16:56:56.079,23.0,101.0
2026-04-02 16:57:12.717,23.0,101.0
2026-04-02 16:57:32.936,23.0,101.0
2026-04-02 16:57:52.646,23.0,101.0
2026-04-02 16:58:11.859,23.0,101.0
2026-04-02 16:58:31.995,23.0,101.0
2026-04-02 16:58:48.678,23.0,101.0
2026-04-02 16:59:09.739,23.0,101.0
2026-04-02 16:59:28.469,23.0,101.0
2026-04-02 16:59:47.938,23.0,101.0
2026-04-02 17:00:08.610,23.0,101.0
2026-04-02 17:00:26.827,23.0,101.0
2026-04-02 17:00:47.702,23.0,101.0
2026-04-02 17:01:06.681,23.0,101.0
2026-04-02 17:01:24.958,23.0,101.0
2026-04-02 17:01:46.432,23.0,101.0
2026-04-02 17:02:04.633,23.0,101.0
2026-04-02 17:02:23.999,23.0,101.0
2026-04-02 17:02:44.400,23.1,101.0
2026-04-02 17:03:01.943,23.0,101.0
2026-04-02 17:03:22.350,23.0,101.0
2026-04-02 17:03:39.920,23.1,101.0
2026-04-02 17:04:01.401,23.0,101.0
2026-04-02 17:04:21.443,23.0,101.0
2026-04-02 17:04:39.340,23.0,101.0
2026-04-02 17:05:00.109,23.0,101.0
2026-04-02 17:05:18.715,23.0,101.0
2026-04-02 17:05:40.000,23.0,101.0
2026-04-02 17:05:59.252,23.0,101.0
2026-04-02 17:06:19.986,23.0,101.0
2026-04-02 17:06:37.485,23.0,101.0
2026-04-02 17:06:56.925,23.0,101.0
2026-04-02 17:07:16.134,23.1,101.0
2026-04-02 17:07:36.648,23.0,101.0
2026-04-02 17:07:55.946,23.0,101.0
2026-04-02 17:08:15.710,23.0,101.0
2026-04-02 17:08:35.458,23.0,101.0
2026-04-02 17:08:56.378,23.0,101.0
2026-04-02 17:09:14.442,23.0,101.0
2026-04-02 17:09:33.539,23.0,101.0
2026-04-02 17:09:54.450,23.0,101.0
2026-04-02 17:10:14.341,23.0,101.0
2026-04-02 17:10:33.713,23.0,101.0
2026-04-02 17:10:53.574,23.0,101.0
2026-04-02 17:11:11.330,23.0,101.0
2026-04-02 17:11:32.781,23.0,101.0
2026-04-02 17:11:50.417,23.0,101.0
2026-04-02 17:12:08.817,23.0,101.0
2026-04-02 17:12:29.067,23.0,101.0
2026-04-02 17:12:48.233,23.0,101.0
2026-04-02 17:13:08.790,23.0,101.0
2026-04-02 17:13:28.796,23.0,101.0
2026-04-02 17:13:45.851,23.0,101.0
2026-04-02 17:14:05.892,23.0,101.0
2026-04-02 17:14:23.771,23.0,101.0
2026-04-02 17:14:45.248,23.0,101.0
2026-04-02 17:15:02.592,23.0,101.0
2026-04-02 17:15:24.018,23.0,101.0
2026-04-02 17:15:42.163,23.0,101.0
2026-04-02 17:15:59.993,23.0,101.0
2026-04-02 18:36:31.622,22.9,101.0
2026-04-02 19:33:07.489,22.8,101.1
