U set;U actual;I set;I actual;P set;P actual;R set;R actual;R mode;Output/Input;Device mode;Error;Time
0,00V;0,00V;0,000A;0,000A;320,00W;0,00W;N/AR;N/A;N/A;On;CV;None;02-04-26 16:36
40,00V;2,11V;0,100A;0,102A;320,00W;0,00W;N/AR;N/A;N/A;On;CC;None;02-04-26 16:36
40,00V;2,14V;0,100A;0,101A;320,00W;0,00W;N/AR;N/A;N/A;On;CC;None;02-04-26 16:37
40,00V;2,15V;0,100A;0,098A;320,00W;0,00W;N/AR;N/A;N/A;On;CC;None;02-04-26 16:37
40,00V;2,16V;0,100A;0,099A;320,00W;0,00W;N/AR;N/A;N/A;On;CC;None;02-04-26 16:38
40,00V;2,17V;0,100A;0,099A;320,00W;0,00W;N/AR;N/A;N/A;On;CC;None;02-04-26 16:38
40,00V;2,17V;0,100A;0,101A;320,00W;0,00W;N/AR;N/A;N/A;On;CC;None;02-04-26 16:39
40,00V;2,19V;0,100A;0,102A;320,00W;0,00W;N/AR;N/A;N/A;On;CC;None;02-04-26 16:39
40,00V;2,19V;0,100A;0,098A;320,00W;0,00W;N/AR;N/A;N/A;On;CC;None;02-04-26 16:40
40,00V;2,20V;0,100A;0,102A;320,00W;0,00W;N/AR;N/A;N/A;On;CC;None;02-04-26 16:40
40,00V;2,20V;0,100A;0,098A;320,00W;0,00W;N/AR;N/A;N/A;On;CC;None;02-04-26 16:41
40,00V;2,20V;0,100A;0,102A;320,00W;0,00W;N/AR;N/A;N/A;On;CC;None;02-04-26 16:41
40,00V;2,20V;0,100A;0,098A;320,00W;0,00W;N/AR;N/A;N/A;On;CC;None;02-04-26 16:42
40,00V;2,21V;0,100A;0,098A;320,00W;0,00W;N/AR;N/A;N/A;On;CC;None;02-04-26 16:42
40,00V;2,21V;0,100A;0,098A;320,00W;0,00W;N/AR;N/A;N/A;On;CC;None;02-04-26 16:43
40,00V;2,22V;0,100A;0,102A;320,00W;0,00W;N/AR;N/A;N/A;On;CC;None;02-04-26 16:43
40,00V;2,22V;0,100A;0,099A;320,00W;0,00W;N/AR;N/A;N/A;On;CC;None;02-04-26 16:44
40,00V;2,23V;0,100A;0,099A;320,00W;0,00W;N/AR;N/A;N/A;On;CC;None;02-04-26 16:44
40,00V;2,23V;0,100A;0,098A;320,00W;0,00W;N/AR;N/A;N/A;On;CC;None;02-04-26 16:45
40,00V;2,23V;0,100A;0,098A;320,00W;0,00W;N/AR;N/A;N/A;On;CC;None;02-04-26 16:45
40,00V;2,23V;0,100A;0,100A;320,00W;0,00W;N/AR;N/A;N/A;On;CC;None;02-04-26 16:46
40,00V;2,24V;0,100A;0,099A;320,00W;0,00W;N/AR;N/A;N/A;On;CC;None;02-04-26 16:46
40,00V;2,24V;0,100A;0,098A;320,00W;0,00W;N/AR;N/A;N/A;On;CC;None;02-04-26 16:47
40,00V;2,24V;0,100A;0,098A;320,00W;0,00W;N/AR;N/A;N/A;On;CC;None;02-04-26 16:47
40,00V;2,24V;0,100A;0,098A;320,00W;0,00W;N/AR;N/A;N/A;On;CC;None;02-04-26 16:48
40,00V;2,25V;0,100A;0,098A;320,00W;0,00W;N/AR;N/A;N/A;On;CC;None;02-04-26 16:48
40,00V;2,24V;0,100A;0,102A;320,00W;0,00W;N/AR;N/A;N/A;On;CC;None;02-04-26 16:49
40,00V;2,25V;0,100A;0,098A;320,00W;0,00W;N/AR;N/A;N/A;On;CC;None;02-04-26 16:49
40,00V;2,24V;0,100A;0,099A;320,00W;0,00W;N/AR;N/A;N/A;On;CC;None;02-04-26 16:50
40,00V;2,25V;0,100A;0,099A;320,00W;0,00W;N/AR;N/A;N/A;On;CC;None;02-04-26 16:50
40,00V;2,25V;0,100A;0,098A;320,00W;0,00W;N/AR;N/A;N/A;On;CC;None;02-04-26 16:51
40,00V;2,25V;0,100A;0,098A;320,00W;0,00W;N/AR;N/A;N/A;On;CC;None;02-04-26 16:51
40,00V;2,25V;0,100A;0,096A;320,00W;0,00W;N/AR;N/A;N/A;On;CC;None;02-04-26 16:52
40,00V;2,26V;0,100A;0,098A;320,00W;0,00W;N/AR;N/A;N/A;On;CC;None;02-04-26 16:52
40,00V;2,25V;0,100A;0,098A;320,00W;0,00W;N/AR;N/A;N/A;On;CC;None;02-04-26 16:53
40,00V;2,25V;0,100A;0,098A;320,00W;0,00W;N/AR;N/A;N/A;On;CC;None;02-04-26 16:53
40,00V;2,25V;0,100A;0,099A;320,00W;0,00W;N/AR;N/A;N/A;On;CC;None;02-04-26 16:54
40,00V;2,26V;0,100A;0,098A;320,00W;0,00W;N/AR;N/A;N/A;On;CC;None;02-04-26 16:54
40,00V;2,25V;0,100A;0,098A;320,00W;0,00W;N/AR;N/A;N/A;On;CC;None;02-04-26 16:55
40,00V;2,26V;0,100A;0,101A;320,00W;0,00W;N/AR;N/A;N/A;On;CC;None;02-04-26 16:55
40,00V;2,42V;0,250A;0,255A;320,00W;0,00W;N/AR;N/A;N/A;On;CC;None;02-04-26 16:56
40,00V;2,53V;0,250A;0,249A;320,00W;0,00W;N/AR;N/A;N/A;On;CC;None;02-04-26 16:56
40,00V;2,53V;0,250A;0,249A;320,00W;0,00W;N/AR;N/A;N/A;On;CC;None;02-04-26 16:57
40,00V;2,53V;0,250A;0,253A;320,00W;0,64W;N/AR;N/A;N/A;On;CC;None;02-04-26 16:57
40,00V;2,54V;0,250A;0,249A;320,00W;0,00W;N/AR;N/A;N/A;On;CC;None;02/04/2026 16:58:21/004
40,00V;2,55V;0,250A;0,249A;320,00W;0,00W;N/AR;N/A;N/A;On;CC;None;02/04/2026 16:58:51/009
40,00V;2,55V;0,250A;0,251A;320,00W;0,64W;N/AR;N/A;N/A;On;CC;None;02/04/2026 16:59:21/014
40,00V;2,55V;0,250A;0,253A;320,00W;0,65W;N/AR;N/A;N/A;On;CC;None;02/04/2026 16:59:51/028
40,00V;2,56V;0,250A;0,251A;320,00W;0,64W;N/AR;N/A;N/A;On;CC;None;02/04/2026 17:00:21/041
40,00V;2,55V;0,250A;0,251A;320,00W;0,64W;N/AR;N/A;N/A;On;CC;None;02/04/2026 17:00:51/057
40,00V;2,56V;0,250A;0,249A;320,00W;0,64W;N/AR;N/A;N/A;On;CC;None;02/04/2026 17:01:21/065
40,00V;2,56V;0,250A;0,250A;320,00W;0,64W;N/AR;N/A;N/A;On;CC;None;02/04/2026 17:01:51/076
40,00V;2,56V;0,250A;0,250A;320,00W;0,64W;N/AR;N/A;N/A;On;CC;None;02/04/2026 17:02:21/086
40,00V;2,56V;0,250A;0,249A;320,00W;0,64W;N/AR;N/A;N/A;On;CC;None;02/04/2026 17:02:51/087
40,00V;2,55V;0,250A;0,251A;320,00W;0,64W;N/AR;N/A;N/A;On;CC;None;02/04/2026 17:03:21/092
40,00V;2,56V;0,250A;0,251A;320,00W;0,64W;N/AR;N/A;N/A;On;CC;None;02-04-26 17:03
40,00V;2,57V;0,250A;0,249A;320,00W;0,64W;N/AR;N/A;N/A;On;CC;None;02-04-26 17:04
40,00V;2,57V;0,250A;0,254A;320,00W;0,65W;N/AR;N/A;N/A;On;CC;None;02-04-26 17:04
40,00V;2,57V;0,250A;0,251A;320,00W;0,65W;N/AR;N/A;N/A;On;CC;None;02-04-26 17:05
40,00V;2,54V;0,250A;0,250A;320,00W;0,00W;N/AR;N/A;N/A;On;CC;None;02-04-26 17:05
40,00V;2,57V;0,250A;0,251A;320,00W;0,65W;N/AR;N/A;N/A;On;CC;None;02-04-26 17:06
40,00V;2,56V;0,250A;0,249A;320,00W;0,64W;N/AR;N/A;N/A;On;CC;None;02-04-26 17:06
40,00V;2,57V;0,250A;0,250A;320,00W;0,64W;N/AR;N/A;N/A;On;CC;None;02-04-26 17:07
40,00V;2,56V;0,250A;0,249A;320,00W;0,00W;N/AR;N/A;N/A;On;CC;None;02-04-26 17:07
40,00V;2,57V;0,250A;0,251A;320,00W;0,65W;N/AR;N/A;N/A;On;CC;None;02-04-26 17:08
40,00V;2,56V;0,250A;0,250A;320,00W;0,64W;N/AR;N/A;N/A;On;CC;None;02-04-26 17:08
40,00V;2,58V;0,250A;0,249A;320,00W;0,64W;N/AR;N/A;N/A;On;CC;None;02-04-26 17:09
40,00V;2,56V;0,250A;0,250A;320,00W;0,64W;N/AR;N/A;N/A;On;CC;None;02-04-26 17:09
40,00V;2,57V;0,250A;0,250A;320,00W;0,64W;N/AR;N/A;N/A;On;CC;None;02-04-26 17:10
40,00V;2,56V;0,250A;0,251A;320,00W;0,64W;N/AR;N/A;N/A;On;CC;None;02-04-26 17:10
40,00V;2,57V;0,250A;0,253A;320,00W;0,65W;N/AR;N/A;N/A;On;CC;None;02-04-26 17:11
40,00V;2,56V;0,250A;0,249A;320,00W;0,64W;N/AR;N/A;N/A;On;CC;None;02-04-26 17:11
40,00V;2,57V;0,250A;0,249A;320,00W;0,64W;N/AR;N/A;N/A;On;CC;None;02-04-26 17:12
40,00V;2,55V;0,250A;0,253A;320,00W;0,65W;N/AR;N/A;N/A;On;CC;None;02-04-26 17:12
40,00V;2,58V;0,250A;0,249A;320,00W;0,64W;N/AR;N/A;N/A;On;CC;None;02-04-26 17:13
40,00V;2,56V;0,250A;0,256A;320,00W;0,65W;N/AR;N/A;N/A;On;CC;None;02-04-26 17:13
40,00V;2,57V;0,250A;0,249A;320,00W;0,64W;N/AR;N/A;N/A;On;CC;None;02-04-26 17:14
40,00V;2,56V;0,250A;0,251A;320,00W;0,64W;N/AR;N/A;N/A;On;CC;None;02-04-26 17:14
40,00V;2,57V;0,250A;0,251A;320,00W;0,65W;N/AR;N/A;N/A;On;CC;None;02-04-26 17:15
40,00V;2,57V;0,250A;0,251A;320,00W;0,65W;N/AR;N/A;N/A;On;CC;None;02-04-26 17:15
40,00V;2,89V;0,500A;0,495A;320,00W;1,43W;N/AR;N/A;N/A;On;CC;None;02-04-26 17:16
40,00V;2,98V;0,500A;0,499A;320,00W;1,48W;N/AR;N/A;N/A;On;CC;None;02-04-26 17:16
40,00V;3,00V;0,500A;0,497A;320,00W;1,49W;N/AR;N/A;N/A;On;CC;None;02-04-26 17:17
40,00V;3,00V;0,500A;0,495A;320,00W;1,49W;N/AR;N/A;N/A;On;CC;None;02-04-26 17:17
40,00V;3,02V;0,500A;0,496A;320,00W;1,50W;N/AR;N/A;N/A;On;CC;None;02-04-26 17:18
40,00V;3,02V;0,500A;0,496A;320,00W;1,50W;N/AR;N/A;N/A;On;CC;None;02-04-26 17:18
40,00V;3,03V;0,500A;0,495A;320,00W;1,50W;N/AR;N/A;N/A;On;CC;None;02-04-26 17:19
40,00V;3,03V;0,500A;0,501A;320,00W;1,52W;N/AR;N/A;N/A;On;CC;None;02-04-26 17:19
40,00V;3,03V;0,500A;0,497A;320,00W;1,51W;N/AR;N/A;N/A;On;CC;None;02-04-26 17:20
40,00V;3,06V;0,500A;0,496A;320,00W;1,52W;N/AR;N/A;N/A;On;CC;None;02-04-26 17:20
40,00V;3,04V;0,500A;0,497A;320,00W;1,51W;N/AR;N/A;N/A;On;CC;None;02-04-26 17:21
40,00V;3,05V;0,500A;0,496A;320,00W;1,51W;N/AR;N/A;N/A;On;CC;None;02-04-26 17:21
40,00V;3,05V;0,500A;0,497A;320,00W;1,51W;N/AR;N/A;N/A;On;CC;None;02-04-26 17:22
40,00V;3,06V;0,500A;0,502A;320,00W;1,53W;N/AR;N/A;N/A;On;CC;None;02-04-26 17:22
40,00V;3,06V;0,500A;0,497A;320,00W;1,52W;N/AR;N/A;N/A;On;CC;None;02-04-26 17:23
40,00V;3,09V;0,500A;0,499A;320,00W;1,54W;N/AR;N/A;N/A;On;CC;None;02-04-26 17:23
40,00V;3,06V;0,500A;0,499A;320,00W;1,53W;N/AR;N/A;N/A;On;CC;None;02-04-26 17:24
40,00V;3,08V;0,500A;0,497A;320,00W;1,53W;N/AR;N/A;N/A;On;CC;None;02-04-26 17:24
40,00V;3,06V;0,500A;0,502A;320,00W;1,53W;N/AR;N/A;N/A;On;CC;None;02-04-26 17:25
40,00V;3,09V;0,500A;0,502A;320,00W;1,55W;N/AR;N/A;N/A;On;CC;None;02-04-26 17:25
40,00V;3,07V;0,500A;0,502A;320,00W;1,54W;N/AR;N/A;N/A;On;CC;None;02-04-26 17:26
40,00V;3,09V;0,500A;0,496A;320,00W;1,53W;N/AR;N/A;N/A;On;CC;None;02-04-26 17:26
40,00V;3,07V;0,500A;0,501A;320,00W;1,54W;N/AR;N/A;N/A;On;CC;None;02-04-26 17:27
40,00V;3,10V;0,500A;0,501A;320,00W;1,55W;N/AR;N/A;N/A;On;CC;None;02-04-26 17:27
40,00V;3,07V;0,500A;0,497A;320,00W;1,53W;N/AR;N/A;N/A;On;CC;None;02-04-26 17:28
40,00V;3,10V;0,500A;0,499A;320,00W;1,55W;N/AR;N/A;N/A;On;CC;None;02-04-26 17:28
40,00V;3,09V;0,500A;0,495A;320,00W;1,53W;N/AR;N/A;N/A;On;CC;None;02-04-26 17:29
40,00V;3,10V;0,500A;0,495A;320,00W;1,54W;N/AR;N/A;N/A;On;CC;None;02-04-26 17:29
40,00V;3,08V;0,500A;0,498A;320,00W;1,53W;N/AR;N/A;N/A;On;CC;None;02-04-26 17:30
40,00V;3,10V;0,500A;0,495A;320,00W;1,54W;N/AR;N/A;N/A;On;CC;None;02-04-26 17:30
40,00V;3,08V;0,500A;0,495A;320,00W;1,53W;N/AR;N/A;N/A;On;CC;None;02-04-26 17:31
40,00V;3,10V;0,500A;0,495A;320,00W;1,54W;N/AR;N/A;N/A;On;CC;None;02-04-26 17:31
40,00V;3,09V;0,500A;0,497A;320,00W;1,53W;N/AR;N/A;N/A;On;CC;None;02-04-26 17:32
40,00V;3,10V;0,500A;0,496A;320,00W;1,54W;N/AR;N/A;N/A;On;CC;None;02-04-26 17:32
40,00V;3,08V;0,500A;0,497A;320,00W;1,53W;N/AR;N/A;N/A;On;CC;None;02-04-26 17:33
40,00V;3,09V;0,500A;0,495A;320,00W;1,53W;N/AR;N/A;N/A;On;CC;None;02-04-26 17:33
40,00V;3,09V;0,500A;0,495A;320,00W;1,53W;N/AR;N/A;N/A;On;CC;None;02-04-26 17:34
40,00V;3,10V;0,500A;0,496A;320,00W;1,54W;N/AR;N/A;N/A;On;CC;None;02-04-26 17:34
40,00V;3,10V;0,500A;0,495A;320,00W;1,54W;N/AR;N/A;N/A;On;CC;None;02-04-26 17:35
40,00V;3,09V;0,500A;0,495A;320,00W;1,53W;N/AR;N/A;N/A;On;CC;None;02-04-26 17:35
40,00V;3,52V;1,000A;1,001A;320,00W;3,52W;N/AR;N/A;N/A;On;CC;None;02-04-26 17:36
40,00V;3,56V;1,000A;1,000A;320,00W;3,56W;N/AR;N/A;N/A;On;CC;None;02-04-26 17:36
40,00V;3,58V;1,000A;1,001A;320,00W;3,58W;N/AR;N/A;N/A;On;CC;None;02-04-26 17:37
40,00V;3,56V;1,000A;1,001A;320,00W;3,57W;N/AR;N/A;N/A;On;CC;None;02-04-26 17:37
40,00V;3,58V;1,000A;0,999A;320,00W;3,58W;N/AR;N/A;N/A;On;CC;None;02-04-26 17:38
40,00V;3,56V;1,000A;1,001A;320,00W;3,56W;N/AR;N/A;N/A;On;CC;None;02-04-26 17:38
40,00V;3,59V;1,000A;1,001A;320,00W;3,60W;N/AR;N/A;N/A;On;CC;None;02-04-26 17:39
40,00V;3,56V;1,000A;1,000A;320,00W;3,56W;N/AR;N/A;N/A;On;CC;None;02-04-26 17:39
40,00V;3,59V;1,000A;0,997A;320,00W;3,58W;N/AR;N/A;N/A;On;CC;None;02-04-26 17:40
40,00V;3,56V;1,000A;0,999A;320,00W;3,55W;N/AR;N/A;N/A;On;CC;None;02-04-26 17:40
40,00V;3,60V;1,000A;0,999A;320,00W;3,60W;N/AR;N/A;N/A;On;CC;None;02-04-26 17:41
40,00V;3,56V;1,000A;0,996A;320,00W;3,55W;N/AR;N/A;N/A;On;CC;None;02-04-26 17:41
40,00V;3,62V;1,000A;1,003A;320,00W;3,63W;N/AR;N/A;N/A;On;CC;None;02-04-26 17:42
40,00V;3,56V;1,000A;0,998A;320,00W;3,55W;N/AR;N/A;N/A;On;CC;None;02-04-26 17:42
40,00V;3,60V;1,000A;0,999A;320,00W;3,60W;N/AR;N/A;N/A;On;CC;None;02-04-26 17:43
40,00V;3,57V;1,000A;0,998A;320,00W;3,56W;N/AR;N/A;N/A;On;CC;None;02-04-26 17:43
40,00V;3,61V;1,000A;1,004A;320,00W;3,63W;N/AR;N/A;N/A;On;CC;None;02-04-26 17:44
40,00V;3,58V;1,000A;1,001A;320,00W;3,58W;N/AR;N/A;N/A;On;CC;None;02-04-26 17:44
40,00V;3,62V;1,000A;1,004A;320,00W;3,63W;N/AR;N/A;N/A;On;CC;None;02-04-26 17:45
40,00V;3,59V;1,000A;1,001A;320,00W;3,60W;N/AR;N/A;N/A;On;CC;None;02-04-26 17:45
40,00V;3,63V;1,000A;1,001A;320,00W;3,64W;N/AR;N/A;N/A;On;CC;None;02-04-26 17:46
40,00V;3,58V;1,000A;1,003A;320,00W;3,59W;N/AR;N/A;N/A;On;CC;None;02-04-26 17:46
40,00V;3,62V;1,000A;1,000A;320,00W;3,62W;N/AR;N/A;N/A;On;CC;None;02-04-26 17:47
40,00V;3,58V;1,000A;1,001A;320,00W;3,58W;N/AR;N/A;N/A;On;CC;None;02-04-26 17:47
40,00V;3,62V;1,000A;0,997A;320,00W;3,61W;N/AR;N/A;N/A;On;CC;None;02-04-26 17:48
40,00V;3,60V;1,000A;1,000A;320,00W;3,60W;N/AR;N/A;N/A;On;CC;None;02-04-26 17:48
40,00V;3,65V;1,000A;0,999A;320,00W;3,64W;N/AR;N/A;N/A;On;CC;None;02-04-26 17:49
40,00V;3,58V;1,000A;1,001A;320,00W;3,58W;N/AR;N/A;N/A;On;CC;None;02-04-26 17:49
40,00V;3,61V;1,000A;1,001A;320,00W;3,61W;N/AR;N/A;N/A;On;CC;None;02-04-26 17:50
40,00V;3,58V;1,000A;1,000A;320,00W;3,58W;N/AR;N/A;N/A;On;CC;None;02-04-26 17:50
40,00V;3,64V;1,000A;1,001A;320,00W;3,64W;N/AR;N/A;N/A;On;CC;None;02-04-26 17:51
40,00V;3,58V;1,000A;1,000A;320,00W;3,58W;N/AR;N/A;N/A;On;CC;None;02-04-26 17:51
40,00V;3,63V;1,000A;0,996A;320,00W;3,62W;N/AR;N/A;N/A;On;CC;None;02-04-26 17:52
40,00V;3,59V;1,000A;1,000A;320,00W;3,59W;N/AR;N/A;N/A;On;CC;None;02-04-26 17:52
40,00V;3,61V;1,000A;0,999A;320,00W;3,61W;N/AR;N/A;N/A;On;CC;None;02-04-26 17:53
40,00V;3,59V;1,000A;1,000A;320,00W;3,59W;N/AR;N/A;N/A;On;CC;None;02-04-26 17:53
40,00V;3,61V;1,000A;0,999A;320,00W;3,61W;N/AR;N/A;N/A;On;CC;None;02-04-26 17:54
40,00V;3,56V;1,000A;1,001A;320,00W;3,57W;N/AR;N/A;N/A;On;CC;None;02-04-26 17:54
40,00V;3,59V;1,000A;1,001A;320,00W;3,60W;N/AR;N/A;N/A;On;CC;None;02-04-26 17:55
40,00V;3,56V;1,000A;1,000A;320,00W;3,56W;N/AR;N/A;N/A;On;CC;None;02-04-26 17:55
40,00V;3,91V;1,500A;1,501A;320,00W;5,88W;N/AR;N/A;N/A;On;CC;None;02/04/2026 17:56:22/005
40,00V;3,93V;1,500A;1,504A;320,00W;5,90W;N/AR;N/A;N/A;On;CC;None;02/04/2026 17:56:52/020
40,00V;3,93V;1,500A;1,495A;320,00W;5,87W;N/AR;N/A;N/A;On;CC;None;02/04/2026 17:57:22/028
40,00V;3,92V;1,500A;1,505A;320,00W;5,90W;N/AR;N/A;N/A;On;CC;None;02/04/2026 17:57:52/036
40,00V;3,90V;1,500A;1,505A;320,00W;5,88W;N/AR;N/A;N/A;On;CC;None;02/04/2026 17:58:22/048
40,00V;3,92V;1,500A;1,499A;320,00W;5,87W;N/AR;N/A;N/A;On;CC;None;02/04/2026 17:58:52/056
40,00V;3,94V;1,500A;1,503A;320,00W;5,92W;N/AR;N/A;N/A;On;CC;None;02/04/2026 17:59:22/064
40,00V;3,95V;1,500A;1,499A;320,00W;5,92W;N/AR;N/A;N/A;On;CC;None;02/04/2026 17:59:52/078
40,00V;3,89V;1,500A;1,501A;320,00W;5,85W;N/AR;N/A;N/A;On;CC;None;02/04/2026 18:00:22/086
40,00V;3,94V;1,500A;1,498A;320,00W;5,90W;N/AR;N/A;N/A;On;CC;None;02/04/2026 18:00:52/092
40,00V;3,93V;1,500A;1,501A;320,00W;5,90W;N/AR;N/A;N/A;On;CC;None;02-04-26 18:01
40,00V;3,95V;1,500A;1,505A;320,00W;5,94W;N/AR;N/A;N/A;On;CC;None;02-04-26 18:01
40,00V;3,93V;1,500A;1,504A;320,00W;5,90W;N/AR;N/A;N/A;On;CC;None;02-04-26 18:02
40,00V;3,95V;1,500A;1,498A;320,00W;5,91W;N/AR;N/A;N/A;On;CC;None;02-04-26 18:02
40,00V;3,92V;1,500A;1,499A;320,00W;5,87W;N/AR;N/A;N/A;On;CC;None;02-04-26 18:03
40,00V;3,94V;1,500A;1,495A;320,00W;5,88W;N/AR;N/A;N/A;On;CC;None;02-04-26 18:03
40,00V;3,92V;1,500A;1,499A;320,00W;5,88W;N/AR;N/A;N/A;On;CC;None;02-04-26 18:04
40,00V;3,94V;1,500A;1,495A;320,00W;5,89W;N/AR;N/A;N/A;On;CC;None;02-04-26 18:04
40,00V;3,93V;1,500A;1,501A;320,00W;5,90W;N/AR;N/A;N/A;On;CC;None;02-04-26 18:05
40,00V;3,94V;1,500A;1,495A;320,00W;5,89W;N/AR;N/A;N/A;On;CC;None;02-04-26 18:05
40,00V;3,90V;1,500A;1,504A;320,00W;5,87W;N/AR;N/A;N/A;On;CC;None;02-04-26 18:06
40,00V;3,95V;1,500A;1,501A;320,00W;5,93W;N/AR;N/A;N/A;On;CC;None;02-04-26 18:06
40,00V;3,94V;1,500A;1,495A;320,00W;5,88W;N/AR;N/A;N/A;On;CC;None;02-04-26 18:07
40,00V;3,96V;1,500A;1,495A;320,00W;5,93W;N/AR;N/A;N/A;On;CC;None;02-04-26 18:07
40,00V;3,94V;1,500A;1,495A;320,00W;5,89W;N/AR;N/A;N/A;On;CC;None;02-04-26 18:08
40,00V;3,97V;1,500A;1,498A;320,00W;5,95W;N/AR;N/A;N/A;On;CC;None;02-04-26 18:08
40,00V;3,93V;1,500A;1,502A;320,00W;5,91W;N/AR;N/A;N/A;On;CC;None;02-04-26 18:09
40,00V;3,96V;1,500A;1,495A;320,00W;5,92W;N/AR;N/A;N/A;On;CC;None;02-04-26 18:09
40,00V;3,92V;1,500A;1,501A;320,00W;5,89W;N/AR;N/A;N/A;On;CC;None;02-04-26 18:10
40,00V;3,96V;1,500A;1,497A;320,00W;5,93W;N/AR;N/A;N/A;On;CC;None;02-04-26 18:10
40,00V;3,94V;1,500A;1,499A;320,00W;5,91W;N/AR;N/A;N/A;On;CC;None;02-04-26 18:11
40,00V;3,98V;1,500A;1,495A;320,00W;5,95W;N/AR;N/A;N/A;On;CC;None;02-04-26 18:11
40,00V;3,93V;1,500A;1,501A;320,00W;5,89W;N/AR;N/A;N/A;On;CC;None;02-04-26 18:12
40,00V;3,96V;1,500A;1,495A;320,00W;5,93W;N/AR;N/A;N/A;On;CC;None;02-04-26 18:12
40,00V;3,91V;1,500A;1,498A;320,00W;5,86W;N/AR;N/A;N/A;On;CC;None;02-04-26 18:13
40,00V;3,93V;1,500A;1,499A;320,00W;5,88W;N/AR;N/A;N/A;On;CC;None;02-04-26 18:13
40,00V;3,94V;1,500A;1,495A;320,00W;5,89W;N/AR;N/A;N/A;On;CC;None;02-04-26 18:14
40,00V;3,89V;1,500A;1,504A;320,00W;5,86W;N/AR;N/A;N/A;On;CC;None;02-04-26 18:14
40,00V;3,89V;1,500A;1,499A;320,00W;5,84W;N/AR;N/A;N/A;On;CC;None;02-04-26 18:15
40,00V;3,94V;1,500A;1,494A;320,00W;5,88W;N/AR;N/A;N/A;On;CC;None;02-04-26 18:15
40,00V;4,24V;2,000A;1,999A;320,00W;8,48W;N/AR;N/A;N/A;On;CC;None;02-04-26 18:16
40,00V;4,21V;2,000A;2,001A;320,00W;8,42W;N/AR;N/A;N/A;On;CC;None;02-04-26 18:16
40,00V;4,20V;2,000A;2,005A;320,00W;8,42W;N/AR;N/A;N/A;On;CC;None;02-04-26 18:17
40,00V;4,20V;2,000A;2,007A;320,00W;8,42W;N/AR;N/A;N/A;On;CC;None;02-04-26 18:17
40,00V;4,17V;2,000A;2,006A;320,00W;8,36W;N/AR;N/A;N/A;On;CC;None;02-04-26 18:18
40,00V;4,15V;2,000A;2,005A;320,00W;8,33W;N/AR;N/A;N/A;On;CC;None;02-04-26 18:18
40,00V;4,18V;2,000A;2,002A;320,00W;8,37W;N/AR;N/A;N/A;On;CC;None;02-04-26 18:19
40,00V;4,18V;2,000A;2,002A;320,00W;8,37W;N/AR;N/A;N/A;On;CC;None;02-04-26 18:19
40,00V;4,23V;2,000A;1,999A;320,00W;8,45W;N/AR;N/A;N/A;On;CC;None;02-04-26 18:20
40,00V;4,16V;2,000A;2,002A;320,00W;8,33W;N/AR;N/A;N/A;On;CC;None;02-04-26 18:20
40,00V;4,21V;2,000A;2,004A;320,00W;8,44W;N/AR;N/A;N/A;On;CC;None;02-04-26 18:21
40,00V;4,19V;2,000A;2,002A;320,00W;8,39W;N/AR;N/A;N/A;On;CC;None;02-04-26 18:21
40,00V;4,21V;2,000A;2,001A;320,00W;8,44W;N/AR;N/A;N/A;On;CC;None;02-04-26 18:22
40,00V;4,19V;2,000A;2,000A;320,00W;8,37W;N/AR;N/A;N/A;On;CC;None;02-04-26 18:22
40,00V;4,17V;2,000A;1,999A;320,00W;8,34W;N/AR;N/A;N/A;On;CC;None;02-04-26 18:23
40,00V;4,18V;2,000A;1,999A;320,00W;8,34W;N/AR;N/A;N/A;On;CC;None;02-04-26 18:23
40,00V;4,21V;2,000A;2,008A;320,00W;8,45W;N/AR;N/A;N/A;On;CC;None;02-04-26 18:24
40,00V;4,18V;2,000A;2,001A;320,00W;8,36W;N/AR;N/A;N/A;On;CC;None;02-04-26 18:24
40,00V;4,18V;2,000A;2,003A;320,00W;8,37W;N/AR;N/A;N/A;On;CC;None;02-04-26 18:25
40,00V;4,19V;2,000A;1,999A;320,00W;8,37W;N/AR;N/A;N/A;On;CC;None;02-04-26 18:25
40,00V;4,21V;2,000A;1,999A;320,00W;8,41W;N/AR;N/A;N/A;On;CC;None;02-04-26 18:26
40,00V;4,18V;2,000A;1,999A;320,00W;8,36W;N/AR;N/A;N/A;On;CC;None;02-04-26 18:26
40,00V;4,20V;2,000A;2,005A;320,00W;8,42W;N/AR;N/A;N/A;On;CC;None;02-04-26 18:27
40,00V;4,21V;2,000A;2,005A;320,00W;8,44W;N/AR;N/A;N/A;On;CC;None;02-04-26 18:27
40,00V;4,21V;2,000A;2,003A;320,00W;8,44W;N/AR;N/A;N/A;On;CC;None;02-04-26 18:28
40,00V;4,17V;2,000A;1,999A;320,00W;8,34W;N/AR;N/A;N/A;On;CC;None;02-04-26 18:28
40,00V;4,22V;2,000A;2,002A;320,00W;8,45W;N/AR;N/A;N/A;On;CC;None;02-04-26 18:29
40,00V;4,17V;2,000A;2,005A;320,00W;8,36W;N/AR;N/A;N/A;On;CC;None;02-04-26 18:29
40,00V;4,20V;2,000A;2,005A;320,00W;8,43W;N/AR;N/A;N/A;On;CC;None;02-04-26 18:30
40,00V;4,18V;2,000A;2,002A;320,00W;8,38W;N/AR;N/A;N/A;On;CC;None;02-04-26 18:30
40,00V;4,22V;2,000A;2,002A;320,00W;8,44W;N/AR;N/A;N/A;On;CC;None;02-04-26 18:31
40,00V;4,20V;2,000A;2,005A;320,00W;8,41W;N/AR;N/A;N/A;On;CC;None;02-04-26 18:31
40,00V;4,18V;2,000A;1,999A;320,00W;8,37W;N/AR;N/A;N/A;On;CC;None;02-04-26 18:32
40,00V;4,19V;2,000A;2,002A;320,00W;8,39W;N/AR;N/A;N/A;On;CC;None;02-04-26 18:32
40,00V;4,20V;2,000A;2,005A;320,00W;8,42W;N/AR;N/A;N/A;On;CC;None;02-04-26 18:33
40,00V;4,21V;2,000A;1,999A;320,00W;8,41W;N/AR;N/A;N/A;On;CC;None;02-04-26 18:33
40,00V;4,18V;2,000A;2,001A;320,00W;8,37W;N/AR;N/A;N/A;On;CC;None;02-04-26 18:34
40,00V;4,20V;2,000A;1,999A;320,00W;8,39W;N/AR;N/A;N/A;On;CC;None;02-04-26 18:34
40,00V;4,18V;2,000A;2,005A;320,00W;8,39W;N/AR;N/A;N/A;On;CC;None;02-04-26 18:35
40,00V;4,20V;2,000A;2,000A;320,00W;8,40W;N/AR;N/A;N/A;On;CC;None;02-04-26 18:35
40,00V;4,45V;2,500A;2,498A;320,00W;11,13W;N/AR;N/A;N/A;On;CC;None;02-04-26 18:36
40,00V;4,46V;2,500A;2,502A;320,00W;11,16W;N/AR;N/A;N/A;On;CC;None;02-04-26 18:36
40,00V;4,45V;2,500A;2,502A;320,00W;11,14W;N/AR;N/A;N/A;On;CC;None;02-04-26 18:37
40,00V;4,43V;2,500A;2,505A;320,00W;11,11W;N/AR;N/A;N/A;On;CC;None;02-04-26 18:37
40,00V;4,39V;2,500A;2,498A;320,00W;10,97W;N/AR;N/A;N/A;On;CC;None;02-04-26 18:38
40,00V;4,41V;2,500A;2,500A;320,00W;11,01W;N/AR;N/A;N/A;On;CC;None;02-04-26 18:38
40,00V;4,39V;2,500A;2,497A;320,00W;10,97W;N/AR;N/A;N/A;On;CC;None;02-04-26 18:39
40,00V;4,43V;2,500A;2,503A;320,00W;11,10W;N/AR;N/A;N/A;On;CC;None;02-04-26 18:39
40,00V;4,46V;2,500A;2,496A;320,00W;11,13W;N/AR;N/A;N/A;On;CC;None;02-04-26 18:40
40,00V;4,39V;2,500A;2,499A;320,00W;10,97W;N/AR;N/A;N/A;On;CC;None;02-04-26 18:40
40,00V;4,39V;2,500A;2,505A;320,00W;11,00W;N/AR;N/A;N/A;On;CC;None;02-04-26 18:41
40,00V;4,48V;2,500A;2,500A;320,00W;11,19W;N/AR;N/A;N/A;On;CC;None;02-04-26 18:41
40,00V;4,36V;2,500A;2,498A;320,00W;10,89W;N/AR;N/A;N/A;On;CC;None;02-04-26 18:42
40,00V;4,41V;2,500A;2,508A;320,00W;11,07W;N/AR;N/A;N/A;On;CC;None;02-04-26 18:42
40,00V;4,34V;2,500A;2,497A;320,00W;10,85W;N/AR;N/A;N/A;On;CC;None;02-04-26 18:43
40,00V;4,39V;2,500A;2,494A;320,00W;10,96W;N/AR;N/A;N/A;On;CC;None;02-04-26 18:43
40,00V;4,39V;2,500A;2,497A;320,00W;10,96W;N/AR;N/A;N/A;On;CC;None;02-04-26 18:44
40,00V;4,48V;2,500A;2,500A;320,00W;11,20W;N/AR;N/A;N/A;On;CC;None;02-04-26 18:44
40,00V;4,44V;2,500A;2,499A;320,00W;11,08W;N/AR;N/A;N/A;On;CC;None;02-04-26 18:45
40,00V;4,43V;2,500A;2,499A;320,00W;11,08W;N/AR;N/A;N/A;On;CC;None;02-04-26 18:45
40,00V;4,47V;2,500A;2,498A;320,00W;11,16W;N/AR;N/A;N/A;On;CC;None;02-04-26 18:46
40,00V;4,43V;2,500A;2,498A;320,00W;11,08W;N/AR;N/A;N/A;On;CC;None;02-04-26 18:46
40,00V;4,47V;2,500A;2,498A;320,00W;11,18W;N/AR;N/A;N/A;On;CC;None;02-04-26 18:47
40,00V;4,48V;2,500A;2,497A;320,00W;11,18W;N/AR;N/A;N/A;On;CC;None;02-04-26 18:47
40,00V;4,48V;2,500A;2,502A;320,00W;11,21W;N/AR;N/A;N/A;On;CC;None;02-04-26 18:48
40,00V;4,47V;2,500A;2,498A;320,00W;11,16W;N/AR;N/A;N/A;On;CC;None;02-04-26 18:48
40,00V;4,43V;2,500A;2,503A;320,00W;11,10W;N/AR;N/A;N/A;On;CC;None;02-04-26 18:49
40,00V;4,46V;2,500A;2,498A;320,00W;11,15W;N/AR;N/A;N/A;On;CC;None;02-04-26 18:49
40,00V;4,44V;2,500A;2,503A;320,00W;11,10W;N/AR;N/A;N/A;On;CC;None;02-04-26 18:50
40,00V;4,51V;2,500A;2,498A;320,00W;11,27W;N/AR;N/A;N/A;On;CC;None;02/04/2026 18:50:53/000
40,00V;4,46V;2,500A;2,497A;320,00W;11,13W;N/AR;N/A;N/A;On;CC;None;02/04/2026 18:51:23/005
40,00V;4,41V;2,500A;2,502A;320,00W;11,04W;N/AR;N/A;N/A;On;CC;None;02/04/2026 18:51:53/019
40,00V;4,42V;2,500A;2,498A;320,00W;11,05W;N/AR;N/A;N/A;On;CC;None;02/04/2026 18:52:23/025
40,00V;4,40V;2,500A;2,499A;320,00W;11,00W;N/AR;N/A;N/A;On;CC;None;02/04/2026 18:52:53/030
40,00V;4,43V;2,500A;2,498A;320,00W;11,07W;N/AR;N/A;N/A;On;CC;None;02/04/2026 18:53:23/038
40,00V;4,43V;2,500A;2,501A;320,00W;11,09W;N/AR;N/A;N/A;On;CC;None;02/04/2026 18:53:53/045
40,00V;4,40V;2,500A;2,498A;320,00W;11,00W;N/AR;N/A;N/A;On;CC;None;02/04/2026 18:54:23/048
40,00V;4,43V;2,500A;2,499A;320,00W;11,06W;N/AR;N/A;N/A;On;CC;None;02/04/2026 18:54:53/051
40,00V;4,47V;2,500A;2,503A;320,00W;11,19W;N/AR;N/A;N/A;On;CC;None;02/04/2026 18:55:23/058
40,00V;4,43V;2,500A;2,503A;320,00W;11,09W;N/AR;N/A;N/A;On;CC;None;02/04/2026 18:55:53/074
40,00V;4,67V;3,000A;3,001A;320,00W;14,03W;N/AR;N/A;N/A;On;CC;None;02/04/2026 18:56:23/087
40,00V;4,72V;3,000A;3,004A;320,00W;14,17W;N/AR;N/A;N/A;On;CC;None;02/04/2026 18:56:53/098
40,00V;4,71V;3,000A;3,001A;320,00W;14,14W;N/AR;N/A;N/A;On;CC;None;02-04-26 18:57
40,00V;4,64V;3,000A;2,998A;320,00W;13,91W;N/AR;N/A;N/A;On;CC;None;02-04-26 18:57
40,00V;4,66V;3,000A;3,001A;320,00W;13,99W;N/AR;N/A;N/A;On;CC;None;02-04-26 18:58
40,00V;4,66V;3,000A;3,001A;320,00W;13,99W;N/AR;N/A;N/A;On;CC;None;02-04-26 18:58
40,00V;4,66V;3,000A;3,001A;320,00W;14,00W;N/AR;N/A;N/A;On;CC;None;02-04-26 18:59
40,00V;4,71V;3,000A;3,002A;320,00W;14,13W;N/AR;N/A;N/A;On;CC;None;02-04-26 18:59
40,00V;4,71V;3,000A;2,998A;320,00W;14,11W;N/AR;N/A;N/A;On;CC;None;02-04-26 19:00
40,00V;4,68V;3,000A;3,001A;320,00W;14,05W;N/AR;N/A;N/A;On;CC;None;02-04-26 19:00
40,00V;4,62V;3,000A;3,001A;320,00W;13,86W;N/AR;N/A;N/A;On;CC;None;02-04-26 19:01
40,00V;4,66V;3,000A;3,000A;320,00W;14,00W;N/AR;N/A;N/A;On;CC;None;02-04-26 19:01
40,00V;4,68V;3,000A;3,002A;320,00W;14,06W;N/AR;N/A;N/A;On;CC;None;02-04-26 19:02
40,00V;4,60V;3,000A;2,998A;320,00W;13,78W;N/AR;N/A;N/A;On;CC;None;02-04-26 19:02
40,00V;4,71V;3,000A;3,000A;320,00W;14,14W;N/AR;N/A;N/A;On;CC;None;02-04-26 19:03
40,00V;4,60V;3,000A;3,000A;320,00W;13,79W;N/AR;N/A;N/A;On;CC;None;02-04-26 19:03
40,00V;4,65V;3,000A;3,001A;320,00W;13,97W;N/AR;N/A;N/A;On;CC;None;02-04-26 19:04
40,00V;4,63V;3,000A;3,005A;320,00W;13,90W;N/AR;N/A;N/A;On;CC;None;02-04-26 19:04
40,00V;4,65V;3,000A;3,003A;320,00W;13,97W;N/AR;N/A;N/A;On;CC;None;02-04-26 19:05
40,00V;4,68V;3,000A;3,000A;320,00W;14,03W;N/AR;N/A;N/A;On;CC;None;02-04-26 19:05
40,00V;4,65V;3,000A;2,999A;320,00W;13,95W;N/AR;N/A;N/A;On;CC;None;02-04-26 19:06
40,00V;4,61V;3,000A;2,999A;320,00W;13,82W;N/AR;N/A;N/A;On;CC;None;02-04-26 19:06
40,00V;4,74V;3,000A;2,998A;320,00W;14,22W;N/AR;N/A;N/A;On;CC;None;02-04-26 19:07
40,00V;4,65V;3,000A;3,003A;320,00W;13,96W;N/AR;N/A;N/A;On;CC;None;02-04-26 19:07
40,00V;4,65V;3,000A;3,001A;320,00W;13,95W;N/AR;N/A;N/A;On;CC;None;02-04-26 19:08
40,00V;4,68V;3,000A;3,001A;320,00W;14,06W;N/AR;N/A;N/A;On;CC;None;02-04-26 19:08
40,00V;4,71V;3,000A;3,001A;320,00W;14,12W;N/AR;N/A;N/A;On;CC;None;02-04-26 19:09
40,00V;4,74V;3,000A;3,004A;320,00W;14,24W;N/AR;N/A;N/A;On;CC;None;02-04-26 19:09
40,00V;4,67V;3,000A;3,001A;320,00W;14,03W;N/AR;N/A;N/A;On;CC;None;02-04-26 19:10
40,00V;4,68V;3,000A;3,000A;320,00W;14,05W;N/AR;N/A;N/A;On;CC;None;02-04-26 19:10
40,00V;4,64V;3,000A;2,998A;320,00W;13,91W;N/AR;N/A;N/A;On;CC;None;02-04-26 19:11
40,00V;4,70V;3,000A;3,000A;320,00W;14,09W;N/AR;N/A;N/A;On;CC;None;02-04-26 19:11
40,00V;4,76V;3,000A;3,000A;320,00W;14,29W;N/AR;N/A;N/A;On;CC;None;02-04-26 19:12
40,00V;4,77V;3,000A;3,002A;320,00W;14,33W;N/AR;N/A;N/A;On;CC;None;02-04-26 19:12
40,00V;4,77V;3,000A;3,000A;320,00W;14,30W;N/AR;N/A;N/A;On;CC;None;02-04-26 19:13
40,00V;4,71V;3,000A;3,001A;320,00W;14,13W;N/AR;N/A;N/A;On;CC;None;02-04-26 19:13
40,00V;4,78V;3,000A;3,005A;320,00W;14,35W;N/AR;N/A;N/A;On;CC;None;02-04-26 19:14
40,00V;4,74V;3,000A;3,000A;320,00W;14,23W;N/AR;N/A;N/A;On;CC;None;02-04-26 19:14
40,00V;4,81V;3,000A;3,001A;320,00W;14,44W;N/AR;N/A;N/A;On;CC;None;02-04-26 19:15
40,00V;4,76V;3,000A;3,005A;320,00W;14,30W;N/AR;N/A;N/A;On;CC;None;02-04-26 19:15
