Time,H2,O2,N2,CH4,CO,t,Current [A],Voltage,Flow_rate_median_dry,Flow_rate_mean_dry,c_H2,c_CO,c_O2,c_N2,normalisation,O2_vol%,N2_vol%,CO_vol%,H2_vol%,O2_purity,FE_O2,XO_CO,XO_H2
14:31:44,63052,30455852,18143959,192.0,3495275,2026-04-02 14:31:44,0.102,2.19,0.0,0.0,0.00013872835419701104,0.0770921349275,0.5413740883964,0.4072647469017,1.025869698579797,52.77220773221711,39.69946158518113,7.514807683102983,0.013522999498773097,52.77220773221711,0.0,0.0,0.0
14:35:13,62142,30448175,18183127,138.0,3469973,2026-04-02 14:35:13,0.102,2.19,0.0,0.0,0.00013672595431485563,0.07653407148529999,0.5412376243475,0.40814392358010004,1.0260523453672148,52.74951388116519,39.77808007777898,7.45908060449968,0.013325436556155687,52.74951388116519,0.0,0.0,0.0
14:45:45,65292,30519923,18103619,238.0,3506543,2026-04-02 14:45:45,0.255,2.55,0.2492216956960903,0.3426829292759921,0.00014365736328887663,0.0773406630623,0.5425129952711,0.40635926315970006,1.0263565788563889,52.8581397973394,39.59240594652623,7.5354574283019975,0.013996827832384132,52.8581397973394,14.111459028180928,1.005864935521602,0.0018683561627260775
14:49:14,67739,30831092,17752974,81.0,3562365,2026-04-02 14:49:14,0.255,2.55,0.2492216956960903,0.3426829292759921,0.0001490419058881447,0.07857187867649999,0.5480442420644,0.39848858029620005,1.0252537429429882,53.454498053451665,38.867312900740025,7.6636519707755095,0.014537075032793376,53.454498053451665,14.255333853629867,1.021877684382998,0.0019383855932995292
14:59:46,76980,31403300,17093417,159.0,3717408,2026-04-02 14:59:46,0.255,2.55,0.2492216956960903,0.3426829292759921,0.00016937679998060398,0.08199152258879999,0.55821563981,0.3836839660071,1.0240605052058807,54.51002523505917,37.46692349295932,8.00651154614308,0.016539725838421226,54.51002523505917,14.519904958465135,1.066352347091562,0.002202853935375596
15:03:14,84065,31812620,16445734,296.0,3788019,2026-04-02 15:03:14,0.501,3.03,0.5504971161092155,0.631175905139973,0.00018496780490402973,0.08354892586589999,0.565491589334,0.36914587908420005,1.018371362089004,55.52901528711458,36.248650818986526,8.204170794288101,0.01816309961079442,55.52901528711458,16.537108642857458,1.2216429829360151,0.0027045784082582913
15:13:52,93986,32529834,15657766,0.0,3895990,2026-04-02 15:13:52,0.501,3.03,0.5504971161092155,0.631175905139973,0.00020680020512236797,0.085930345039,0.5782405702338,0.35145891296580006,1.0158366284437226,56.922595035746404,34.597976005673324,8.45907133420131,0.02035762437895049,56.922595035746404,16.9099369681629,1.2564638258384886,0.0030238093050168257
15:17:21,95936,32716941,15269942,0.0,3986141,2026-04-02 15:17:21,0.501,3.03,0.5504971161092155,0.631175905139973,0.00021109150504349693,0.08791872451010001,0.5815665281337,0.3427536991146,1.0124500432634436,57.44150360832906,33.85388754686577,8.683759272379547,0.020849572425626347,57.44150360832906,17.00720053170589,1.2855376864908943,0.003086556209085174
15:27:51,102889,33288710,14519235,292.0,3955282,2026-04-02 15:27:51,1.001,3.59,1.153763979573529,1.3057416123342347,0.0002263929573735867,0.08723809532020001,0.591730122347,0.3259031045805,1.0050977152050735,58.872894982779584,32.42501695608818,8.679563588740276,0.02252447239195992,58.872894982779584,18.151924807077208,1.3380587591891184,0.003472417394265526
15:31:19,100358,33169595,14474112,0.0,4116672,2026-04-02 15:31:19,1.001,3.59,1.153763979573529,1.3057416123342347,0.0002208229517658556,0.09079772929919999,0.5896127698415,0.3248902601856,1.0055215822780659,58.637505174747126,32.3106202702823,9.02991351945849,0.021961035512094006,58.637505174747126,18.086972860204078,1.3926564599713969,0.0033869845937808123
15:41:56,101575,33068729,14445466,172.0,4143035,2026-04-02 15:41:56,1.505,3.95,2.237431828731896,2.3671158602569258,0.00022350121435699372,0.0913791942635,0.5878198060852999,0.32424726347579996,1.003669765038957,58.567053283953804,32.306170293295075,9.1045080211172,0.022268401633909796,58.567053283953804,23.258067917881302,1.8077848725578196,0.004421598565946911
15:45:25,99008,32835296,14480226,0.0,4087428,2026-04-02 15:45:25,1.505,3.95,2.237431828731896,2.3671158602569258,0.00021785200707006463,0.0901527207108,0.5836703711072,0.3250274968638,0.9990684406888701,58.421460165907355,32.533056157763276,9.02367816249291,0.021805513836454783,58.421460165907355,23.09388862425696,1.7835211399539859,0.004309838426698966
15:55:58,100817,32291774,14965690,109.0,3842427,2026-04-02 15:55:58,1.505,3.95,2.237431828731896,2.3671158602569258,0.00022183307587688637,0.0847489541547,0.5740088870918,0.33592436744700005,0.994904041769377,57.69489950718862,33.76449922241533,8.518304338575113,0.02229693182091909,57.69489950718862,22.711615946318155,1.6766166359945607,0.0043885972297677605
15:59:26,100676,31903076,15198511,252.0,3945774,2026-04-02 15:59:26,1.505,3.95,2.237431828731896,2.3671158602569258,0.00022152277615598574,0.0870283859214,0.5670995080532,0.3411503374593,0.995499754210056,56.96631321654137,34.269253811118006,8.742180553370234,0.022252418970386125,56.96631321654137,22.43823487734678,1.7217113897739116,0.004382458467591927
16:09:58,118777,30794676,16342487,208.0,3647671,2026-04-02 16:09:58,2.007,4.24,3.339444772532051,3.496783167837308,0.00026135891899480875,0.0804533963431,0.5473969221732,0.3668283659481,0.9949400433833948,55.01808132193786,36.869394129586226,8.08625573753269,0.02626881094322339,55.01808132193786,24.240710868212656,1.781383343713552,0.005786957992958142
16:13:27,128069,30330388,16667377,117.0,3673851,2026-04-02 16:13:27,2.007,4.24,3.339444772532051,3.496783167837308,0.00028180936985735107,0.0810308250411,0.5391438779716,0.3741209443551,0.9945774567376574,54.208334837998606,37.61606919809595,8.147261381420366,0.028334582485080875,54.208334837998606,23.87523629177676,1.7941686568458002,0.006239767870400806
16:24:06,186378,29163547,17934989,190.0,3358140,2026-04-02 16:24:06,2.505,4.46,4.429514907157376,4.547289292759068,0.0004101535260236828,0.074067471654,0.5184024624079,0.4025741435907,0.9954542311786236,52.07697613521703,40.441250936675395,7.440570277782002,0.04120265032557636,52.07697613521703,24.396728910435186,1.7428582598071811,0.009651192954968517
16:27:34,210087,28766965,18201018,76.0,3392691,2026-04-02 16:27:34,2.505,4.46,4.429514907157376,4.547289292759068,0.00046234631928196717,0.07482953196509999,0.5113529397505,0.40854551033340003,0.995190328368282,51.38242657451427,41.05199766191989,7.5191176835280125,0.0464580800378187,51.38242657451427,24.0649687324034,1.7607900600700044,0.010879325072904759
16:38:06,299635,28286471,18719087,0.0,3276337,2026-04-02 16:38:06,2.505,4.46,4.429514907157376,4.547289292759068,0.0006595121317776196,0.0722632165057,0.5028118225547,0.42017424252810004,0.9959087937202777,50.48773800625014,42.19003237821745,7.256007473912985,0.06622214161941196,50.48773800625014,23.66301207531054,1.7004029023095766,0.015518771474759682
16:41:34,335144,28233362,18614454,0.0,3285095,2026-04-02 16:41:34,3.004,4.72,5.387335319337156,5.549505088359735,0.0007377110484675833,0.0724563838295,0.5018677729034,0.4178256188202,0.9928874866015676,50.54628844413998,42.08186974440819,7.297542249978599,0.07429956147323437,50.54628844413998,23.95407998810256,1.7291666327363273,0.017605423596805513
16:52:18,445062,28937213,17725787,260.0,3382758,2026-04-02 16:52:18,3.004,4.72,5.387335319337156,5.549505088359735,0.0009798316614452924,0.0746104487238,0.5143792171241,0.3978783327381,0.9878478302474453,52.07069362041859,40.27728973585292,7.552828121828328,0.09918852190016504,52.07069362041859,24.551249505275404,1.7805732437636883,0.023383615426581378
16:55:47,470646,29293460,17208710,0.0,3476138,2026-04-02 16:55:47,3.004,4.72,5.387335319337156,5.549505088359735,0.0010361986918771791,0.0766700473418,0.520711756922,0.386271867273,0.9846898702286772,52.88078740985461,39.22776896072822,7.786212660438429,0.10523096897874454,52.88078740985461,24.853500761555885,1.8297254235834246,0.024728810743513102
17:06:14,553838,31121467,14973722,88.0,3818351,2026-04-02 17:06:14,3.004,4.72,5.387335319337156,5.549505088359735,0.0012195202452211563,0.0842179314911,0.5532058609518999,0.3361046561286,0.974747968816821,56.753733134052915,34.481185586523885,8.639969939442532,0.125111339980677,56.753733134052915,26.404439891540164,2.0098551613500946,0.02910376704618656
17:09:43,591576,31788764,14041959,0.0,3998453,2026-04-02 17:09:43,3.004,4.72,5.387335319337156,5.549505088359735,0.0013026955671948538,0.08819027921329999,0.5650675322348,0.3151900243017,0.969750531316995,58.26937072851049,32.502175984750224,9.09412022631541,0.13433306042386944,58.26937072851049,26.970595835484108,2.1046549674102164,0.03108874040288149
