,Number per concentration,Current Density_mean,FE(H2)_mean,FE(CO)_mean,FE(H2)_median,FE(CO)_median,FE(H2)_sem,FE(CO)_sem,FE(H2)_std,FE(CO)_std,FE(H2)_q25,FE(H2)_q75,FE(CO)_q25,FE(CO)_q75,FE(total)_mean,FE(total)_median,FE(total)_sem,FE(total)_std,FE(total)_q25,FE(total)_q75,Flow_rate_min,Flow_rate_max,Flow_rate_mean,Flow_rate_median,c_CO_min,c_CO_max,c_CO_mean,c_CO_median,c_H2_min,c_H2_max,c_H2_mean,c_H2_median,n,FE(H2)_err_low,FE(H2)_err_high,FE(CO)_err_low,FE(CO)_err_high,FE(total)_err_low,FE(total)_err_high,Time Interval (h),Current Density_mean_ps,Energy Consumption [kWh],Total energy,Concentration,pH,Salt
0,0,100,73.04568920106354,0.0,93.34593757698082,0.0,15.966087015154404,0.0,39.1087663760044,0.0,65.43806900922131,95.99599587673568,0.0,0.0,73.04568920106354,93.34593757698082,15.966087015154404,39.1087663760044,65.43806900922131,95.99599587673568,0.0,58.36,46.42666666666667,54.89,0.0,0.0,0.0,0.0,0.0,0.0176715847562148,0.0130959346924749,0.0167354475765311,6,27.907868567759508,2.6500582997548605,0.0,0.0,27.907868567759508,2.6500582997548605,0–2,124,0.0007390399999999,0.1485921399999997,0.3M,pH1,Na2SO4
1,1,250,93.47879942333012,0.0,93.9711578467852,0.0,0.6843845813189954,0.0,1.3687691626379908,0.0,93.16372418353542,94.28623308657988,0.0,0.0,93.47879942333012,93.9711578467852,0.6843845813189954,1.3687691626379908,93.16372418353542,94.28623308657988,60.13,61.38,60.645,60.535,0.0,0.0,0.0,0.0,0.0320802715222799,0.0331357004959788,0.0327806436182481,0.0329533012273669,4,0.8074336632497676,0.3150752397946803,0.0,0.0,0.8074336632497676,0.3150752397946803,2–4,270,0.0017388,0.1485921399999997,0.3M,pH1,Na2SO4
2,2,500,92.79763330982053,0.0,93.55491187143777,0.0,0.8302728671981607,0.0,1.4380747901331017,0.0,92.34703967737012,93.62686622307956,0.0,0.0,92.79763330982053,93.55491187143777,0.8302728671981607,1.4380747901331017,92.34703967737012,93.62686622307956,63.48,64.19,63.94,64.15,0.0,0.0,0.0,0.0,0.0577866643742223,0.0594096089126981,0.0588382123611037,0.0593183637963907,3,1.2078721940676471,0.0719543516417928,0.0,0.0,1.2078721940676471,0.0719543516417928,4–6,517,0.004136,0.1485921399999997,0.3M,pH1,Na2SO4
3,3,750,87.93594077640766,1.1877761859568063,91.85003755769644,1.4005962793918167,4.273078659946174,0.3038047943029535,9.554894356843352,0.679328171951745,90.95586375793845,92.2717437722723,1.298782432355009,1.5733003518369073,89.12371696236447,93.51623942389674,4.230903402955231,9.46058761524308,92.35646003733024,93.66853343553086,66.53,67.67,67.194,67.21,0.0,0.0015247379923975,0.0011421996209906,0.0014194191161273,0.0593904053935572,0.0832741792271079,0.0781674914541889,0.0828663763878196,5,0.8941737997580077,0.4217062145758632,0.1018138470368077,0.1727040724450905,1.159779386566484,0.152294011634126,6–8,771,0.0077254199999999,0.1485921399999997,0.3M,pH1,Na2SO4
4,4,1000,80.14072949101697,13.747350116771251,80.19952831769737,13.758280690001984,0.5635196277517902,0.2900391349000454,1.1270392555035804,0.5800782698000908,79.75546112360986,80.58479668510446,13.258717641878476,14.246913164894764,93.88807960778824,94.4488735997296,0.658599833988838,1.317199667977676,93.7434793021213,94.59347390539654,67.69,68.63,68.1325,68.10499999999999,0.0155183394938921,0.01673408436985,0.0161390441506233,0.0161518763693756,0.0924004665111755,0.0956278885799124,0.094083205892952,0.09415223424036,4,0.4440671940875091,0.3852683674070931,0.4995630481235089,0.4886324748927784,0.7053942976083079,0.1446003056669269,8–10,1020,0.0123623999999999,0.1485921399999997,0.3M,pH1,Na2SO4
5,5,1500,68.14793747208931,23.586037201977103,68.39083524099212,23.828212430150217,1.31737913735098,0.6738671827453487,2.63475827470196,1.3477343654906977,66.89952933321972,69.63924337986172,22.90012562890641,24.514124003220918,91.73397467406642,92.21904767114232,0.7162523183478763,1.4325046366957526,91.41365333644065,92.53936900876812,69.75,70.59,70.235,70.3,0.037301956029482,0.0424604056261871,0.0402949184552088,0.0407086560825831,0.1106975999951792,0.1213234058317984,0.1164254749457584,0.116840446978028,4,1.4913059077724,1.2484081388696069,0.9280868012438076,0.6859115730706975,0.8053943347017025,0.3203213376257992,10–12,1515,0.0225432,0.1485921399999997,0.3M,pH1,Na2SO4
6,6,2000,72.37796347868644,19.97759956289572,72.60476651345623,20.16987900484534,1.156660279052106,0.823006480903398,2.313320558104212,1.646012961806796,71.31296966481341,73.66976032732924,19.10573803890216,21.0417405288389,92.35556304158216,92.77464551830155,0.4238278880173112,0.8476557760346224,92.34932137219542,92.78088718768832,72.93,74.1,73.515,73.515,0.0386946083331839,0.0468414995209831,0.0431836861984899,0.0435993184698962,0.1500464362579005,0.1618782333359244,0.1564525934514384,0.1569428521059644,4,1.291796848642818,1.0649938138730164,1.064140965943178,0.8718615239935623,0.425324146106135,0.0062416693867533,12–14,2020,0.0348652,0.1485921399999997,0.3M,pH1,Na2SO4
7,7,3000,78.83985764434345,14.906534881086918,79.1910086325065,14.86580086434428,1.1712383739376977,0.747356714408205,2.3424767478753954,1.49471342881641,77.83315825296923,80.19770802388071,14.146659001683949,15.625676743747253,93.74639252543037,94.05680949685078,0.4447516744932444,0.8895033489864888,93.45883499671648,94.34436702556464,81.28,82.53,82.03999999999999,82.175,0.0380063863283095,0.0483323162497618,0.0430517069828954,0.0429340626767552,0.218749410463237,0.2346185690684255,0.2276981523173395,0.2287123148688478,4,1.3578503795372685,1.0066993913742124,0.719141862660333,0.7598758794029727,0.5979745001342849,0.2875575287138758,14–16,3016,0.06448208,0.1485921399999997,0.3M,pH1,Na2SO4
8,0,100,39.16696655185989,58.39636296516718,39.68776573416954,59.36826749786738,0.5824937925798348,1.1735180911670604,1.0089088438417608,2.0325929575025943,38.84592549878735,39.74840719608726,57.71427351750799,59.56440467917647,97.56332951702709,97.37235276127254,1.0375656567888345,1.797116433746833,96.62084047821308,98.4103301779638,57.61,60.32,58.91333333333333,58.81,0.0091972299526851,0.0098042937018131,0.009580486986962,0.0097399373063879,0.0062349370034334,0.0065310586698498,0.0064257189029511,0.0065111610355701,3,0.8418402353821861,0.0606414619177186,1.6539939803593882,0.1961371813090906,0.7515122830594692,1.0379774166912767,0–2,124,0.0008779199999999,0.1690337999999997,0.3M,pH2,Na2SO4
9,1,250,14.068618714014391,81.45728969890922,13.92423547975152,81.07611000693299,0.6187215963079261,0.7266004858321329,1.2374431926158522,1.4532009716642658,13.164209678254164,14.82864451551175,80.4652171754951,82.06818253034712,95.52590841292364,95.99089087135896,0.7307117777220714,1.4614235554441428,95.1943927932004,96.32240649108218,60.83,62.27,61.5425,61.535,0.0267505323242016,0.0278246483867011,0.02716049272809,0.0270333951007287,0.0042892943675537,0.0051888539353766,0.0046909321153288,0.0046427900791924,4,0.7600258014973562,0.9044090357602296,0.6108928314378943,0.992072523414123,0.7964980781585638,0.3315156197232056,2–4,270,0.0023706,0.1690337999999997,0.3M,pH2,Na2SO4
10,2,500,14.871927188793762,73.79064933489744,15.482379298388436,78.1191864102923,0.6292784238509388,3.6522397165004192,1.407109332504624,8.166656276219497,15.396061496287723,15.534850403113182,75.07653882631085,78.13073342740333,88.66257652369121,93.51524790658004,4.270423502129962,9.548957243475312,90.66486916667496,93.66558383051652,62.11,63.61,63.13199999999999,63.28,0.0371330539117251,0.0489323655294577,0.0461452546967931,0.0488521213202603,0.0077281298842466,0.0097482198671161,0.0093002145142324,0.0096819629922759,5,0.0863178021007105,0.0524711047247468,3.0426475839814486,0.0115470171110274,2.850378739905082,0.1503359239364812,4–6,517,0.0055836,0.1690337999999997,0.3M,pH2,Na2SO4
11,3,750,23.47381771342265,66.71638925290347,23.6738973835879,67.03887421174043,0.3267405255702756,0.4749160213739964,0.6534810511405512,0.9498320427479928,23.31435107937118,23.833364017639376,66.49315525376471,67.26210821087919,90.19020696632612,90.71277159532832,0.801463315685096,1.602926631370192,89.80750633313589,91.09547222851856,63.13,63.42,63.2825,63.29,0.0598674998985119,0.0618066980641153,0.0611325937194127,0.0614280884575117,0.0206458314389398,0.0220058764266376,0.0215091880329205,0.0216925221330523,4,0.359546304216721,0.1594666340514763,0.5457189579757227,0.2232339991387562,0.9052652621924436,0.3827006331902254,6–8,770,0.0097019999999999,0.1690337999999997,0.3M,pH2,Na2SO4
12,4,1000,31.559738496245245,57.343326462415256,32.71168280524435,57.77318866823563,1.6057942054200314,0.4714564533166,3.590665001194452,1.0542086780468738,31.95082445135021,33.46675939259654,57.15101517867768,58.03944156017534,88.90306495866051,90.75112436541968,2.0080564470349844,4.490150718226932,90.11246697185086,91.23994806083218,63.91,66.06,65.162,65.36,0.0660278952461528,0.0690807333804911,0.0681087891406143,0.0686193523768599,0.0300907495322002,0.040780833838522,0.0374846683507722,0.0388528752003482,5,0.7608583538941396,0.7550765873521925,0.6221734895579587,0.2662528919397076,0.6386573935688205,0.488823695412492,8–10,1020,0.0143208,0.1690337999999997,0.3M,pH2,Na2SO4
13,5,1500,48.51976549884441,43.12609607547019,49.00329125865005,43.30405242321635,1.2171597752945411,0.4237182008188076,2.4343195505890827,0.8474364016376152,47.55559734245,49.967459415044445,42.80281225056699,43.62733624811955,91.6458615743146,92.3073436818664,0.8627934088208763,1.7255868176417526,91.18293359056956,92.77027166561145,68.83,70.44,69.47,69.305,0.0697432518678218,0.0730074401017774,0.0716710909453752,0.0719668359059509,0.0751374141475915,0.084525064968794,0.0806348091334406,0.0814383787086883,4,1.4476939162000448,0.9641681563944005,0.5012401726493607,0.3232838249031999,1.124410091296852,0.4629279837450326,10–12,1515,0.0253914,0.1690337999999997,0.3M,pH2,Na2SO4
14,6,2000,59.65169775439942,31.41729498441531,62.4940535418432,31.848703161899103,2.93843228754254,1.1795028844638216,6.570534342225328,2.6374486293181856,60.28685709500814,62.96746912484718,30.203896616289764,32.940645359024444,91.06899273881471,93.2275024540326,2.2599303785627907,5.053357950883234,90.10768950564795,94.52544236152104,72.48,74.56,73.648,73.49,0.0577690770022721,0.0721329966494331,0.0657265177080184,0.0666290447152238,0.100812831223584,0.1345638196263617,0.1247942692301414,0.1307406165553514,5,2.207196446835063,0.4734155830039768,1.6448065456093417,1.0919421971253378,3.1198129483846344,1.2979399074884554,12–14,2020,0.0382588,0.1690337999999997,0.3M,pH2,Na2SO4
15,7,3000,75.35265134694473,20.570427505643742,75.80492371615105,20.58497869005312,1.029950127751105,0.3428972372589711,2.05990025550221,0.6857944745179422,74.53688348788195,76.62069157521381,20.07668717040693,21.078719025289928,95.92307885258846,96.38990240620416,0.7261022388013609,1.452204477602722,95.61560251317188,96.69737874562075,80.64,82.28,81.53999999999999,81.62,0.0557301446263467,0.0597932442418568,0.0578025830371646,0.0578434716402275,0.203822377125464,0.2171154350991964,0.2117397844725048,0.2130106628326795,4,1.2680402282691006,0.8157678590627597,0.5082915196461855,0.4937403352368079,0.7742998930322784,0.3074763394165956,14–16,3017,0.0725286799999999,0.1690337999999997,0.3M,pH2,Na2SO4
16,0,100,5.392902824966388,93.99753576321048,5.392902824966388,93.99753576321048,0.0,0.0,0.0,0.0,5.392902824966388,5.392902824966388,93.99753576321048,93.99753576321048,99.39043858817686,99.39043858817686,0.0,0.0,99.39043858817686,99.39043858817686,54.03,54.03,54.03,54.03,0.0179230100162689,0.0179230100162689,0.0179230100162689,0.0179230100162689,0.001028293460715,0.001028293460715,0.001028293460715,0.001028293460715,1,0.0,0.0,0.0,0.0,0.0,0.0,0–2,107,0.00075114,0.1911802399999998,0.3M,pH3,Na2SO4
17,1,250,3.8761746066410687,89.53789284932142,3.8761746066410687,89.53789284932142,0.0462647221094399,0.0875448718142557,0.0654281974665924,0.1238071450359345,3.853042245586349,3.899306967695789,89.4941204134143,89.58166528522854,93.41406745596248,93.41406745596248,0.13380959392369,0.189235342502519,93.34716265900065,93.48097225292432,59.15,59.32,59.235,59.235,0.0338313898641829,0.0338976112877083,0.0338645005759456,0.0338645005759456,0.0014485262201647,0.0014835221678839,0.0014660241940243,0.0014660241940243,2,0.0231323610547202,0.0231323610547198,0.0437724359071296,0.0437724359071154,0.0669047969618361,0.0669047969618503,2–4,261,0.00233856,0.1911802399999998,0.3M,pH3,Na2SO4
18,2,500,4.884187697530438,87.65266164507871,4.888681334737539,88.26189482652593,0.1660583262080686,0.7891970842661863,0.3321166524161372,1.5783941685323726,4.63517587602152,5.137693156246457,87.42850202552543,88.48605444607921,92.53684934260914,93.39475231103556,0.8940562719146303,1.7881125438292609,92.4788244483439,93.4527772053008,60.26,61.61,60.885,60.835,0.0570831254441001,0.059392245127752,0.0586453017012387,0.0590529181165513,0.0030365082107888,0.0034931538669279,0.0032678375728848,0.0032708441069113,4,0.2535054587160195,0.2490118215089181,0.8333928010004996,0.2241596195532764,0.915927862691646,0.0580248942652446,4–6,507,0.0057291,0.1911802399999998,0.3M,pH3,Na2SO4
19,3,750,11.176870481024078,80.63696600436649,11.273370086377524,80.74948718983568,0.1663454286524315,0.3842031690117628,0.332690857304863,0.7684063380235256,11.125540851828832,11.32469971557277,80.34104697030425,81.04540622389791,91.81383648539057,92.12070982125402,0.5310500187780025,1.062100037556005,91.47379789215758,92.46074841448704,61.37,61.96,61.7375,61.81,0.0766741521033614,0.0784321875773422,0.0776615391017227,0.0777699083630937,0.0103017836568846,0.0110412479243355,0.0107644546528441,0.0108573935150783,4,0.1478292345486931,0.0513296291952443,0.4084402195314283,0.2959190340622371,0.6469119290964471,0.3400385932330039,6–8,755,0.0102378,0.1911802399999998,0.3M,pH3,Na2SO4
20,4,1000,18.71157229689054,70.82672485902947,19.162128084727883,71.07483260305787,0.4715849380305552,0.4148942624617448,0.8168090727531422,0.7186179423525588,18.4654192871164,19.18300320058336,70.54588022375007,71.23162336632306,89.53829715592,90.23696068778575,0.8823122792381178,1.5282096957823188,89.01129951086648,90.41462656690642,62.4,63.7,62.93666666666667,62.71,0.0885190117835723,0.0902529154890528,0.089542798940241,0.089856469548098,0.0224641203437808,0.0242785335392014,0.0236561348752335,0.0242257507427182,3,0.6967087976114854,0.0208751158554747,0.5289523793077961,0.1567907632651923,1.2256611769192745,0.1776658791206671,8–10,1005,0.0149342999999999,0.1911802399999998,0.3M,pH3,Na2SO4
21,5,1500,31.357998504313805,54.48112979543387,31.64194374320359,54.73051933183584,0.5100348730746591,0.2502785283890022,1.0200697461493182,0.5005570567780044,31.04461647559969,31.955325771917707,54.47916639720389,54.73248273006582,85.83912829974767,86.37465921563177,0.7508768478876168,1.5017536957752335,85.52707708369209,86.68671043168736,64.71,65.65,65.3425,65.505,0.1002392490787945,0.102110224653022,0.1016399979953145,0.1021052591247206,0.0558030670609181,0.0601404430484738,0.0585014833040899,0.0590312115534838,4,0.5973272676039016,0.3133820287141162,0.2513529346319458,0.0019633982299822,0.8475821319396744,0.3120512160555933,10–12,1502,0.02772692,0.1911802399999998,0.3M,pH3,Na2SO4
22,6,2000,39.10744391537876,43.90535964715352,41.80321728902213,43.90413741974582,3.2628400147622925,0.1747669764870766,6.525680029524585,0.3495339529741533,38.29586710297146,42.61479410142943,43.64823317393276,44.16126389296659,83.0128035625323,86.00209425267995,3.3705211031618494,6.741042206323699,82.38620959277222,86.62868822244002,67.94,69.06,68.3075,68.11500000000001,0.1035278759348216,0.1052756716745361,0.1043988675727676,0.1043959613408564,0.0699278187582283,0.1032326883661599,0.0929903066787829,0.0994003597953716,4,3.5073501860506724,0.8115768124072957,0.2559042458130633,0.2571264732207652,3.615884659907735,0.6265939697600658,12–14,1995,0.0434511,0.1911802399999998,0.3M,pH3,Na2SO4
23,7,3000,49.0591540104662,28.637563061663677,53.50487132223897,28.271483942292168,4.696331321541913,0.4913515093280886,10.50131607982914,1.0986953757047282,51.06970450412815,54.56796046619422,28.07249202059554,28.87283838886225,77.69671707212987,81.77635526453113,4.227032749903725,9.451932571902598,79.94254289299039,82.64045248678977,68.33,77.83,74.89,76.23,0.0938443234312585,0.1035693487555939,0.0975219746631789,0.0962753337207498,0.1039298146031063,0.1894552566677973,0.1670653876555004,0.1822047739959097,5,2.4351668181108224,1.0630891439552528,0.1989919216966278,0.6013544465700811,1.8338123715407448,0.8640972222586356,14–16,2999,0.0860113199999999,0.1911802399999998,0.3M,pH3,Na2SO4
24,0,100,71.2813694054417,0.0,94.82248788674389,0.0,23.7616943509994,0.0,47.523388701998805,0.0,70.77429272706121,95.32956456512436,0.0,0.0,71.2813694054417,94.82248788674389,23.7616943509994,47.523388701998805,70.77429272706121,95.32956456512436,59.5,63.19,61.9075,62.47,0.0,0.0,0.0,0.0,0.0,0.0147404716839785,0.0110045610043582,0.0146388861667272,4,24.04819515968268,0.5070766783804856,0.0,0.0,24.04819515968268,0.5070766783804856,0–2,123,0.0005904,0.1431900399999998,0.6M,pH1,Na2SO4
25,1,250,88.44312482699222,0.0,94.16877653929306,0.0,5.949295857567974,0.0,11.898591715135948,0.0,88.08564419802804,94.52625716825725,0.0,0.0,88.44312482699222,94.16877653929306,5.949295857567974,11.898591715135948,88.08564419802804,94.52625716825725,64.63,64.95,64.745,64.69999999999999,0.0,0.0,0.0,0.0,0.0232610965816964,0.031242771104969,0.0291382956457205,0.0310246574481082,4,6.083132341265028,0.3574806289641827,0.0,0.0,6.083132341265028,0.3574806289641827,2–4,272,0.00158304,0.1431900399999998,0.6M,pH1,Na2SO4
26,2,500,91.1244829461707,0.0,94.19980798806672,0.0,3.3330795331832603,0.0,6.666159066366521,0.0,90.72025775321234,94.60403318102507,0.0,0.0,91.1244829461707,94.19980798806672,3.3330795331832603,6.666159066366521,90.72025775321234,94.60403318102507,66.24,67.76,66.9225,66.845,0.0,0.0,0.0,0.0,0.0492522535449227,0.0576325648096874,0.0553090116883807,0.0571756141994564,4,3.4795502348543863,0.4042251929583642,0.0,0.0,3.4795502348543863,0.4042251929583642,4–6,517,0.00378444,0.1431900399999998,0.6M,pH1,Na2SO4
27,3,750,89.05640125561159,0.0,94.02669697757088,0.0,4.68490155123374,0.0,11.475618295696048,0.0,92.37749151914016,94.19370593883474,0.0,0.0,89.05640125561159,94.02669697757088,4.68490155123374,11.475618295696048,92.37749151914016,94.19370593883474,66.47,68.88,68.05,68.13499999999999,0.0,0.0,0.0,0.0,0.0577893849845241,0.0830982778549843,0.0783166727314426,0.0826875772138495,6,1.6492054584307283,0.1670089612638605,0.0,0.0,1.6492054584307283,0.1670089612638605,6–8,770,0.0072996,0.1431900399999998,0.6M,pH1,Na2SO4
28,4,1000,93.5896334420078,0.023546919463215,94.11844285464232,0.0220334284184693,0.8006451200999637,0.0018830899773661,1.790296914397002,0.0042107171971392,93.65230113243518,94.78376587323136,0.021382419074834,0.0257076375690537,93.61318036147102,94.13982527371716,0.8015280987508674,1.7922713146831035,93.6819976568552,94.8094735108004,70.1,70.76,70.342,70.35,2.1428636684132823e-05,3.364366372519724e-05,2.6676678690751257e-05,2.4962020670831284e-05,0.1025463757031856,0.1074890404432078,0.1060291807604772,0.1066282773349372,5,0.4661417222071407,0.6653230185890209,0.0006510093436352,0.0036742091505844,0.4578276168619624,0.6696482370832371,8–10,1019,0.0113312799999999,0.1431900399999998,0.6M,pH1,Na2SO4
29,5,1500,91.41369780476911,0.9261742675053548,93.91734258756156,1.0086484403914686,2.611929329074647,0.1078337905418313,5.840451532236328,0.2411236859230087,93.24919749047258,94.3861667824646,1.003743754399794,1.0490876086618734,92.33987207227446,94.92599102795305,2.7195967356909807,6.081203172391561,94.25294124487236,95.43525439112648,73.98,75.04,74.482,74.36,0.0007927805929358,0.0017065178471805,0.001474957556349,0.0016062999060233,0.1290004292831256,0.150513198165875,0.1455787847508661,0.1495659067432964,5,0.6681450970889813,0.4688241949030498,0.0049046859916745,0.0404391682704048,0.673049783080657,0.50926336317346,10–12,1516,0.02098144,0.1431900399999998,0.6M,pH1,Na2SO4
30,6,2000,90.96562582300533,2.24993763712306,93.78179022633468,2.481449126023807,2.7168864763311347,0.2366238130850341,7.188205956766756,0.6260477636988316,92.96849021299693,94.01240256746377,2.473490789213546,2.492764461483957,93.21556346012837,96.25703225880594,2.95278689380094,7.812339795568177,95.44508454898674,96.51646065240288,74.27,79.04,77.75999999999999,78.21,0.0016739805996422,0.0050493775644984,0.0045350519250007,0.0050016944692543,0.1506331934924547,0.1900408941155881,0.1833534537539508,0.1890298118839334,7,0.8133000133377521,0.2306123411290883,0.0079583368102609,0.01131533546015,0.8119477098191936,0.2594283935969343,12–14,2018,0.0337409599999999,0.1431900399999998,0.6M,pH1,Na2SO4
31,7,3000,93.1526507087166,4.488749581496757,94.32093065265576,4.433538762047552,1.3428793046684817,0.1381494144601733,3.798236250584636,0.3907455511269578,93.18644563175084,95.19443595211312,4.20336415489754,4.753617102610488,97.64140029021335,98.92617430133213,1.353359340811608,3.827878269080175,98.15201308778036,99.51191575956082,87.37,88.85,88.09125,88.1,0.0106075152463781,0.0136415689465073,0.0120512728933866,0.0119030443856987,0.2260643195495534,0.2576791264956963,0.2500937051736216,0.2532302714187777,8,1.1344850209049326,0.8735052994573635,0.2301746071500119,0.3200783405629366,0.7741612135517499,0.5857414582287106,14–16,3016,0.06387888,0.1431900399999998,0.6M,pH1,Na2SO4
32,0,100,43.21295808395002,53.96692719225524,43.21295808395002,53.96692719225524,0.0,0.0,0.0,0.0,43.21295808395002,43.21295808395002,53.96692719225524,53.96692719225524,97.17988527620524,97.17988527620524,0.0,0.0,97.17988527620524,97.17988527620524,57.95,57.95,57.95,57.95,0.0077962581714394,0.0077962581714394,0.0077962581714394,0.0077962581714394,0.0062427007632632,0.0062427007632632,0.0062427007632632,0.0062427007632632,1,0.0,0.0,0.0,0.0,0.0,0.0,0–2,107,0.0009101599999999,0.15991203999999978,0.6M,pH2,Na2SO4
33,1,250,16.955934331072953,72.62981243552402,16.93051591320114,72.3603092421575,0.3998728473470384,0.3529905670002239,0.7997456946940767,0.7059811340004479,16.493197586574663,17.39325265769943,72.23515705861809,72.75496461906343,89.58574676659697,89.60282987434258,0.2002021355490746,0.4004042710981493,89.39015780996489,89.79841883097464,58.21,58.63,58.415,58.41,0.0252086405112218,0.0257475136263045,0.0253838865668135,0.0252896960648639,0.0056079998735915,0.0062618568002893,0.0059260446813955,0.0059171610258507,4,0.4373183266264782,0.4627367444982901,0.1251521835394129,0.3946553769059306,0.2126720643776849,0.195588956632065,2–4,261,0.0025116,0.15991203999999978,0.6M,pH2,Na2SO4
34,2,500,18.543188011343,67.99265194060473,18.78695943673275,68.51790262295275,0.5485508580832162,0.7167363271628087,1.0971017161664325,1.433472654325617,18.149807693998568,19.18033975407718,67.8306945697179,68.67985999383956,86.53583995194772,87.56542090968009,1.233283827051203,2.466567654102406,86.03449576787102,88.06676509375679,58.73,59.47,59.0925,59.085,0.0447548170682774,0.046915677022296,0.0461920859680425,0.0465489248907982,0.0115680575436183,0.0132960476200331,0.01259766328117,0.0127632739805143,4,0.6371517427341828,0.3933803173444303,0.6872080532348406,0.1619573708868102,1.530925141809064,0.5013441840767001,4–6,513,0.0058968,0.15991203999999978,0.6M,pH2,Na2SO4
35,3,750,30.34101327734041,60.01694562812174,30.27985806829368,60.1182247909934,0.5084272435561804,0.2140543691096955,1.0168544871123608,0.4281087382193911,29.75125041921568,30.869620926418406,59.83593312880551,60.29923729030963,90.35795890546214,90.46378908613131,0.3273395517161516,0.6546791034323032,90.11619393636956,90.70555405522391,60.53,61.7,61.065,61.015,0.0577351745344716,0.0586718803398591,0.0583019124653688,0.0584002974935723,0.028374845978763,0.0306919574814986,0.0294739940810522,0.0294145864319736,4,0.5286076490779976,0.589762858124729,0.2822916621878875,0.1810124993162318,0.3475951497617586,0.2417649690925856,6–8,758,0.00973002,0.15991203999999978,0.6M,pH2,Na2SO4
36,4,1000,43.69157783192781,50.19769870687264,43.81409059204442,50.39716880613461,1.281073510176864,0.7122411601839764,2.562147020353728,1.4244823203679529,42.20367083522193,45.3019975887503,49.31826961302221,51.27659789998504,93.88927653880046,94.21125939817904,0.6173836652851425,1.234767330570285,93.48026873520696,94.62026720177252,63.82,64.29,63.9975,63.94,0.0591378616395996,0.0628618562961655,0.0612432205481254,0.0614865821283682,0.0495703183209257,0.0567417210755431,0.0533054902154307,0.0534549607326271,4,1.6104197568224947,1.487906996705874,1.0788991931123988,0.8794290938504261,0.7309906629720757,0.4090078035934823,8–10,1003,0.01390588,0.15991203999999978,0.6M,pH2,Na2SO4
37,5,1500,60.38756571371656,36.52414485633916,60.65462007190565,36.423554890270665,0.8634323792057467,0.3555511955629727,1.7268647584114931,0.7111023911259454,59.60255370497789,61.43963208064432,36.162593004877465,36.78510674173236,96.91171057005572,97.07817496217632,0.5119066262330565,1.023813252466113,96.38766044671026,97.60222508552178,68.58,69.42,69.1375,69.275,0.0608094912577196,0.0636957292721142,0.0620816332466644,0.0619106562284119,0.0987809868991849,0.1055977631718375,0.1026432986191359,0.1030972222027607,4,1.052066366927761,0.7850120087386614,0.2609618853932005,0.3615518514616909,0.690514515466063,0.5240501233454609,10–12,1503,0.02446824,0.15991203999999978,0.6M,pH2,Na2SO4
38,6,2000,70.3400980960712,28.17429668138231,70.61617172774785,28.310718551651668,0.7936222820748204,0.2583078664785581,1.5872445641496409,0.5166157329571162,69.72460335325603,71.23166647056303,28.02420816909335,28.460807063940628,98.5143947774535,98.92689027939952,0.5827476675791439,1.1654953351582875,98.18541041719666,99.25587463965635,73.54,74.29,73.95,73.985,0.0580448162217417,0.0605636844564672,0.0595928027633051,0.0598813551875059,0.1442500220486247,0.1521415179374731,0.1487797065387135,0.1493636430843781,4,0.8915683744918255,0.6154947428151729,0.286510382558319,0.1500885122889599,0.7414798622028513,0.3289843602568538,12–14,1999,0.0364992599999999,0.15991203999999978,0.6M,pH2,Na2SO4
39,7,3000,81.33244982324729,19.31884141575398,81.33244982324729,19.31884141575398,0.550312851387531,0.0362272251182256,0.7782598979804559,0.0512330330893379,81.05729339755352,81.60760624894105,19.300727803194867,19.336955028313096,100.65129123900128,100.65129123900128,0.5140856262693063,0.7270268648911192,100.3942484258666,100.90833405213591,83.56,83.95,83.755,83.755,0.0538197080122169,0.0540219356415912,0.053920821826904,0.053920821826904,0.225471037352382,0.228542993953726,0.227007015653054,0.227007015653054,2,0.2751564256937655,0.2751564256937655,0.0181136125591123,0.0181136125591159,0.2570428131346602,0.2570428131346602,14–16,2998,0.06599008,0.15991203999999978,0.6M,pH2,Na2SO4
40,0,100,10.355816061914142,86.74940252858813,10.398793386068592,87.75066271176216,0.3324477486446559,1.2850519618532996,0.5758163915144314,2.2257752882959774,10.079254271827963,10.653866514077546,85.97475609118072,88.02467905758257,97.10521859050228,97.5103778693495,1.055872699603829,1.8288251620387423,96.30908349101765,98.10393332941054,57.18,58.9,58.06666666666666,58.12,0.0141358441687678,0.0148241526621315,0.0145640474138073,0.0147321454105226,0.0016385237264719,0.0018314629213653,0.0017386009786601,0.001745816288143,3,0.3195391142406301,0.2550731280089522,1.7759066205814378,0.2740163458204137,1.201294378331866,0.5935554600610402,0–2,124,0.00073616,0.19587657999999997,0.6M,pH3,Na2SO4
41,1,250,15.775433095812833,76.80749733813028,15.723118421980605,77.40575440988434,0.1256416906740729,0.6882741620709478,0.2512833813481459,1.3765483241418957,15.653587866880828,15.84496365091261,76.57153738546867,77.64171436254593,92.5829304339431,93.12887283186492,0.7832880249360059,1.5665760498720118,92.2251252523495,93.48667801345854,58.31,59.76,58.995000000000005,58.955,0.0268139216832481,0.027846326087216,0.0275446705705041,0.0277592172557762,0.0055694956571264,0.0057827840889152,0.0056573788079341,0.0056386177428473,4,0.069530555099778,0.1218452289320062,0.8342170244156648,0.2359599526615881,0.9037475795154252,0.3578051815936192,2–4,273,0.00231768,0.19587657999999997,0.6M,pH3,Na2SO4
42,2,500,11.27920790613916,77.69242014557067,12.229879526239271,77.88306087766304,0.9592134213615144,0.3216737814232834,1.661406381100117,0.5571553328879325,10.79534293488405,12.238408687444329,77.4740144775268,78.0061461796607,88.97162805170983,89.29484760362983,0.7790381995180627,1.349333742602265,88.3924427144085,89.71242316497113,59.99,61.29,60.620000000000005,60.58,0.0517982369301286,0.0525135680247314,0.0522199708476365,0.0523481075880493,0.0062917467811345,0.0082316233196366,0.0075811759620748,0.0082201577854533,3,1.4345365913552204,0.0085291612050557,0.4090464001362477,0.1230853019976621,0.90240488922133,0.4175755613412946,4–6,520,0.00599184,0.19587657999999997,0.6M,pH3,Na2SO4
43,3,750,9.531729756027447,75.71553615064732,9.593795200094103,75.8873192542749,0.2753533040719059,0.2851827882799793,0.6157087057339513,0.6376881006069641,9.55457544673932,9.95243640899096,75.60756354349724,76.11714910812222,85.24726590667477,85.5599999524882,0.3485105037436491,0.7792931772434946,84.61915426222318,85.88773443459043,60.67,61.85,61.286,61.34,0.0735049101041522,0.0751017912138247,0.0745324260967982,0.0747015249650982,0.0083691551699751,0.009898706845575,0.009382789579701,0.0094438852062823,5,0.0392197533547857,0.358641208896854,0.279755710777664,0.2298298538473204,0.9408456902650216,0.3277344821022296,6–8,771,0.0107636,0.19587657999999997,0.6M,pH3,Na2SO4
44,4,1000,22.209007162065205,68.85631786207777,22.188818583786865,69.19264440072672,0.1302521549795392,0.3945571304152091,0.3190513175977862,0.9664636438940196,21.991634854814965,22.377137983738955,69.05760467811217,69.33626960290073,91.06532502414298,91.50216883113316,0.4861388418473966,1.1907921066736915,91.11214412829196,91.65350133337918,61.37,62.5,62.04333333333333,62.135000000000005,0.0857196196057465,0.0889732883442841,0.0882155591558193,0.0886464453052252,0.0279518064348,0.0290731189167549,0.0284531622649573,0.0284272975835935,6,0.1971837289718969,0.1883193999520926,0.1350397226145503,0.1436252021740074,0.3900247028412025,0.1513325022460208,8–10,1018,0.0162486,0.19587657999999997,0.6M,pH3,Na2SO4
45,5,1500,31.06477005845488,59.12374991988546,31.118306334264155,59.04069102463031,0.1898904677276356,0.1078875272068314,0.4246079941182232,0.241243844758833,31.053681480724336,31.246594075067357,59.02225717609555,59.30620906784117,90.18851997834034,90.15899735889448,0.1625976529314434,0.3635794049366254,90.07593865681989,90.34996185620288,64.14,65.2,64.612,64.4,0.1075807373535814,0.1086850652937325,0.1081309878529377,0.1079790820552493,0.0555584483999704,0.05765963798162,0.0568141276288585,0.0569120397267391,5,0.0646248535398186,0.1282877408031986,0.0184338485347623,0.2655180432108608,0.0830587020745809,0.1909644973083999,10–12,1516,0.02921832,0.19587657999999997,0.6M,pH3,Na2SO4
46,6,2000,41.68227506740903,46.110163154587646,43.39212209369229,46.189901766330784,2.168345052449609,0.2309261047696092,4.8485669359526735,0.5163664680440847,41.96170008281905,44.63342947286736,45.81115087720838,46.49565252414164,87.79243822199666,89.58202386002307,1.9948427287664967,4.460603945943063,88.45735260696068,90.44458035007574,67.26,69.02,68.084,67.79,0.1049260540541618,0.1078652374445753,0.1065877569656494,0.1067720798825031,0.0769549627293622,0.1043293976803091,0.0963522985109696,0.1003047624975948,5,1.4304220108732435,1.241307379175069,0.3787508891224078,0.3057507578108556,1.124671253062388,0.8625564900526683,12–14,2021,0.0449775,0.19587657999999997,0.6M,pH3,Na2SO4
47,7,3000,59.25120401242966,31.54726604613883,60.43208494835457,31.482053639509992,1.453644871361331,0.1356433904299827,3.560688202048953,0.3322570935345766,59.25175389547009,61.302078091722805,31.40734738031893,31.682198146790704,90.7984700585685,92.06069793057569,1.3378628102744594,3.2770812310183657,90.76769819276372,92.7291199788277,75.71,77.3,76.40333333333332,76.315,0.0957943007533234,0.098803670196646,0.097154859488891,0.096954027436006,0.1610685583315233,0.1906060563108521,0.1824735744757123,0.1861102864885726,6,1.1803310528844833,0.8699931433682337,0.0747062591910605,0.2001445072807115,1.2929997378119538,0.6684220482520118,14–16,3016,0.08562288,0.19587657999999997,0.6M,pH3,Na2SO4
48,0,100,62.801948830173934,0.0,82.83807054377266,0.0,20.943613136610143,0.0,41.887226273220286,0.0,62.10180736890005,83.53821200504653,0.0,0.0,62.801948830173934,82.83807054377266,20.943613136610143,41.887226273220286,62.10180736890005,83.53821200504653,0.0,58.4,40.165,51.13,0.0,0.0,0.0,0.0,0.0,0.0170499845523263,0.0125190172809196,0.0165130422856761,4,20.736263174872605,0.7001414612738728,0.0,0.0,20.736263174872605,0.7001414612738728,0–2,122,0.0007734799999999,0.1271180199999998,0.9M,pH1,Na2SO4
49,1,250,88.86878755326595,0.0,90.28985511730627,0.0,1.626808598193649,0.0,3.253617196387298,0.0,88.5298887301705,90.62875394040172,0.0,0.0,88.86878755326595,90.28985511730627,1.626808598193649,3.253617196387298,88.5298887301705,90.62875394040172,60.11,62.01,60.85,60.64,0.0,0.0,0.0,0.0,0.0307736902761323,0.033287459549569,0.0325510871808872,0.0330715994489238,4,1.7599663871357762,0.3388988230954481,0.0,0.0,1.7599663871357762,0.3388988230954481,2–4,270,0.0017172,0.1271180199999998,0.9M,pH1,Na2SO4
50,2,500,90.58017258198036,0.0,91.8147381145548,0.0,1.3317901106286756,0.0,2.663580221257351,0.0,90.4040437058943,91.99086699064082,0.0,0.0,90.58017258198036,91.8147381145548,1.3317901106286756,2.663580221257351,90.4040437058943,91.99086699064082,64.54,65.14,64.9125,64.985,0.0,0.0,0.0,0.0,0.0562178348741145,0.0597912178972337,0.0588060250980782,0.0596075238104823,4,1.4106944086604898,0.1761288760860395,0.0,0.0,1.4106944086604898,0.1761288760860395,4–6,517,0.00394988,0.1271180199999998,0.9M,pH1,Na2SO4
51,3,750,91.91996471643428,0.0,92.5112894257568,0.0,0.7545305401596758,0.0,1.5090610803193516,0.0,91.6403607672972,92.79089337489388,0.0,0.0,91.91996471643428,92.5112894257568,0.7545305401596758,1.5090610803193516,91.6403607672972,92.79089337489388,66.49,67.51,67.1925,67.385,0.0,0.0,0.0,0.0,0.0823913221798611,0.085391530606699,0.0844345974437063,0.0849777684941325,4,0.8709286584596185,0.2796039491370692,0.0,0.0,0.8709286584596185,0.2796039491370692,6–8,771,0.00687732,0.1271180199999998,0.9M,pH1,Na2SO4
52,4,1000,92.64871515533174,0.0144356203927378,93.06180612306504,0.0139628646754365,0.4707169669478963,0.0021247202821444,0.9414339338957926,0.0042494405642889,92.50472573384069,93.20579554455612,0.0114124443477971,0.0169860407203772,92.66315077572447,93.0796633913474,0.4720843662220986,0.9441687324441972,92.5193661009129,93.22344806615897,68.07,69.74,68.85,68.795,1.2019530135783431e-05,2.305753173742011e-05,1.698237104955943e-05,1.6426211162517087e-05,0.1073500542863392,0.1096658482279046,0.1089939202629845,0.109479889268847,4,0.5570803892243674,0.1439894214910708,0.0025504203276394,0.0030231760449407,0.560297290434491,0.1437846748115703,8–10,1020,0.010506,0.1271180199999998,0.9M,pH1,Na2SO4
53,5,1500,83.94130092101906,7.318690172238971,84.12856306898905,7.295835106074076,0.5973573770376701,0.1739944099806832,1.1947147540753402,0.3479888199613665,83.37467147196357,84.69519251804455,7.175349508728259,7.4391757695847875,91.25999109325804,91.67637901318284,0.5536098881398085,1.107219776279617,91.01377734631552,91.92259276012535,71.41,72.76,71.92750000000001,71.77000000000001,0.0117415562994004,0.0131792992133746,0.0124216370261573,0.0123828462959272,0.1398162280543261,0.1444866306893866,0.1424692597999902,0.1427870902281241,4,0.7538915970254862,0.5666294490554975,0.1204855973458167,0.1433406635107115,0.6626016668673174,0.24621374694253,10–12,1514,0.01943976,0.1271180199999998,0.9M,pH1,Na2SO4
54,6,2000,75.19873853397459,17.4972476101799,75.0245223205125,17.80342743407813,1.0445926356321449,0.7568065989311837,2.0891852712642898,1.5136131978623677,73.74190393708554,76.48135691740156,16.673223167276728,18.627451876981304,92.6959861441545,92.96072928877356,0.3725140134102361,0.7450280268204722,92.50213534824977,93.15458008467829,72.2,73.13,72.66499999999999,72.66499999999999,0.0338281136010461,0.0409416920455519,0.0380507429622125,0.0387165831011261,0.1588687369209231,0.1689539002495757,0.1635324557774533,0.1631535929696572,4,1.2826183834269642,1.4568345968890526,1.1302042668014032,0.8240244429031733,0.458593940523798,0.1938507959047228,12–14,2022,0.0300064799999999,0.1271180199999998,0.9M,pH1,Na2SO4
55,7,3000,71.27603422285665,15.388596476286237,71.47924399529398,15.46213427042804,0.901309365389112,0.7797360501441544,1.802618730778224,1.5594721002883087,70.27990272436912,72.4753754937815,14.371062259945784,16.47966848676849,86.66463069914289,86.80337838420483,0.2099043318630226,0.4198086637260453,86.55257138886185,86.91543769448587,78.78,79.56,79.3225,79.475,0.0433009511860232,0.0542221953543708,0.0489957100509692,0.0492298468317414,0.2197792474847442,0.2327978936005182,0.2269355695789114,0.2275825686151916,4,1.1993412709248616,0.9961314984875144,1.0910720104822555,1.017534216340449,0.2508069953429839,0.1120593102810403,14–16,3015,0.0538479,0.1271180199999998,0.9M,pH1,Na2SO4
56,0,100,90.90077649489176,8.22743243993582,90.90077649489176,8.22743243993582,0.0,0.0,0.0,0.0,90.90077649489176,90.90077649489176,8.22743243993582,8.22743243993582,99.1282089348276,99.1282089348276,0.0,0.0,99.1282089348276,99.1282089348276,54.1,54.1,54.1,54.1,0.0012871578665519,0.0012871578665519,0.0012871578665519,0.0012871578665519,0.0142211619961957,0.0142211619961957,0.0142211619961957,0.0142211619961957,1,0.0,0.0,0.0,0.0,0.0,0.0,0–2,107,0.0006377199999999,0.1294305399999998,0.9M,pH2,Na2SO4
57,1,250,19.974374087629656,78.45013220075026,19.974374087629656,78.45013220075026,1.654137367019036,1.853929792292224,2.3393034984664425,2.621852655947198,19.14730540412014,20.80144277113917,77.52316730460416,79.37709709689638,98.42450628837992,98.42450628837992,0.1997924252731913,0.2825491574807602,98.32461007574332,98.52440250101652,58.7,59.5,59.1,59.1,0.027233033904051,0.0285513272737403,0.0278921805888957,0.0278921805888957,0.0065135817710923,0.0076898066381625,0.0071016942046274,0.0071016942046274,2,0.8270686835095162,0.8270686835095162,0.926964896146103,0.9269648961461172,0.0998962126365938,0.099896212636608,2–4,262,0.0019388,0.1294305399999998,0.9M,pH2,Na2SO4
58,2,500,10.623867072348071,80.83056066293007,10.700401543346905,81.54692157209126,0.383049766181317,1.010624438221361,0.6634616568534197,1.750452874370151,10.312929400004116,10.973071980191442,80.19123694372689,81.82806483671382,91.45442773527814,92.79266398912723,1.3467179660717856,2.332583940702152,90.77683678057556,92.80113681690528,58.8,59.3,59.06666666666666,59.1,0.0530537313614818,0.0552567939333562,0.054396306301686,0.05487839361022,0.0066795059775609,0.0075680144253595,0.0071495127911549,0.0072010179705443,3,0.387472143342789,0.2726704368445372,1.3556846283643722,0.2811432646225569,2.015827208551684,0.0084728277780214,4–6,507,0.00464412,0.1294305399999998,0.9M,pH2,Na2SO4
59,3,750,15.657251713021289,72.06781093141151,15.657251713021289,72.06781093141151,1.79250648589954,1.3354635349051165,2.534986983000867,1.888630643117531,14.76099847007152,16.55350495597106,71.40007916395896,72.73554269886407,87.7250626444328,87.7250626444328,0.4570429509944311,0.6463563398833464,87.4965411689356,87.95358411993001,59.3,59.6,59.45,59.45,0.070486669755088,0.0731483197814088,0.0718174947682484,0.0718174947682484,0.0138165882235492,0.0173891492187946,0.0156028687211719,0.0156028687211719,2,0.8962532429497685,0.896253242949772,0.6677317674525511,0.6677317674525511,0.2285214754972031,0.2285214754972173,6–8,754,0.00797732,0.1294305399999998,0.9M,pH2,Na2SO4
60,4,1000,21.886203223500484,62.4783513415336,21.864748869828063,62.60159273145148,0.3002983206993316,0.2634634656175915,0.6005966413986632,0.5269269312351831,21.5259208952649,22.22503119806365,62.29615405231089,62.78379002067418,84.36455456503407,84.35238972787155,0.0825422173529453,0.1650844347058907,84.30651248452557,84.41043180838005,59.8,60.1,60.0,60.05,0.0812010151363298,0.082803514945375,0.0821643379347642,0.0823264108286761,0.0278941236349818,0.0297267367712156,0.0287822159060268,0.0287540016089549,4,0.3388279745631664,0.3602823282355842,0.3054386791405861,0.1821972892227066,0.0458772433459842,0.0580420805084997,8–10,1003,0.0118554599999999,0.1294305399999998,0.9M,pH2,Na2SO4
61,5,1500,36.07551148446805,43.3693349103205,36.7791854194556,43.04266477485231,1.1543075595540928,0.5232789235068107,2.3086151191081856,1.0465578470136214,35.35041009108216,37.504286812841485,42.68634827250091,43.72565141267191,79.44484639478856,79.8218501943079,0.6317838847082478,1.2635677694164955,79.07606150375406,80.1906350853424,63.0,63.5,63.3,63.35,0.0830368256358697,0.0875470854380239,0.0846543152162721,0.0840166748955973,0.0640010815488865,0.0740862878739694,0.0704172136167037,0.0717907425219794,4,1.4287753283734403,0.7251013933858843,0.3563165023514045,0.6829866378195959,0.7457886905538373,0.3687848910344939,10–12,1504,0.02006336,0.1294305399999998,0.9M,pH2,Na2SO4
62,6,2000,44.90474341304737,33.431299371268246,48.13261919530652,33.61469243367308,3.669807812349836,0.4078735364905934,8.205939732774027,0.912032953816208,46.86797356255434,49.00111510070742,33.20636129493617,34.17867011787443,78.33604278431561,81.74731162897959,3.449714977846377,7.713797193463679,81.04983826539326,82.11436045126021,66.7,67.1,66.92,66.9,0.0784798898798483,0.0838966902425122,0.0820544868496609,0.0825046106531153,0.0745715893735366,0.123063329693811,0.1102151500889603,0.1181377165434174,5,1.2646456327521776,0.8684959054009056,0.4083311387369051,0.5639776842013546,0.697473363586326,0.3670488222806227,12–14,1991,0.02950662,0.1294305399999998,0.9M,pH2,Na2SO4
63,7,3000,57.78138473950334,21.10721901370708,58.07200520008504,21.076217766304627,0.5455666344794664,0.150171103636947,1.0911332689589328,0.300342207273894,57.23715167076544,58.61623826882293,20.87570260688244,21.307734173129266,78.88860375321042,79.22900055637216,0.5807650338661882,1.1615300677323763,78.55145271683392,79.56615159274865,74.7,75.2,74.975,75.0,0.0729087708467157,0.0751238730336848,0.0739077698350588,0.0737992177299173,0.1972667010534982,0.205345710482938,0.2023238249105638,0.2033414440529095,4,0.8348535293195951,0.5442330687378956,0.200515159422185,0.2315164068246353,0.677547839538235,0.3371510363764969,14–16,2997,0.05280714,0.1294305399999998,0.9M,pH2,Na2SO4
64,0,100,4.434985604064503,82.20763731004729,4.434985604064503,82.20763731004729,0.0,0.0,0.0,0.0,4.434985604064503,4.434985604064503,82.20763731004729,82.20763731004729,86.6426229141118,86.6426229141118,0.0,0.0,86.6426229141118,86.6426229141118,55.02,55.02,55.02,55.02,0.0125810483389357,0.0125810483389357,0.0125810483389357,0.0125810483389357,0.0006787297396321,0.0006787297396321,0.0006787297396321,0.0006787297396321,1,0.0,0.0,0.0,0.0,0.0,0.0,0–2,117,0.00078858,0.1380963599999997,0.9M,pH3,Na2SO4
65,1,250,4.714042996599236,89.7727816080793,4.70290555060479,89.88491852842299,0.0311047558632405,0.1143571257808784,0.0538750175121585,0.1980723520600261,4.68475634517845,4.737760925022799,89.71450008066338,89.88713159566707,94.48682460467856,94.55595180266327,0.0855594802456768,0.148193366854698,94.43632486750394,94.57188794084551,60.67,61.5,61.02666666666666,60.91,0.0305264037459211,0.0306441070989551,0.0306043696779132,0.0306425981888635,0.0015908894376255,0.0016270289384213,0.0016070607589652,0.0016032639008488,3,0.0181492054263392,0.0348553744180097,0.1704184477596015,0.0022130672440852,0.1196269351593315,0.0159361381822549,2–4,266,0.00205352,0.1380963599999997,0.9M,pH3,Na2SO4
66,2,500,5.915576845823996,85.16451807723296,6.033114820437028,85.64464533347825,0.1457009947789938,0.6268945986231027,0.2914019895579877,1.2537891972462054,5.874307350539641,6.074384315721382,84.89424399843416,85.91491941227706,91.08009492305696,91.7032149954006,0.7713496183019073,1.5426992366038146,90.7685513489738,92.01475856948376,61.83,62.11,61.935,61.9,0.0538546013120545,0.0556104312362075,0.0550428281581906,0.0553531400422502,0.003544057660913,0.003950623561921,0.0038233067847102,0.0038992729580034,4,0.1588074698973871,0.0412694952843537,0.7504013350440886,0.2702740787988062,0.9346636464267988,0.31154357408316,4–6,512,0.00475136,0.1380963599999997,0.9M,pH3,Na2SO4
67,3,750,11.49138575206241,74.7609723584501,11.68251807358116,74.86717874638626,0.7790057277121657,0.7137849798956756,1.5580114554243314,1.4275699597913512,10.861017303536698,12.312886522106872,73.68643134002691,75.94171976480945,86.25235811051252,87.11219577408208,1.207584643910348,2.4151692878206963,85.91487553193818,87.4496783526564,61.98,62.67,62.335,62.345,0.0706617979404543,0.0733620328252214,0.0721143619623931,0.0722168085419483,0.0091095497503811,0.0126908774096567,0.0110845796333472,0.0112689456866756,4,0.8215007700444623,0.6303684485257115,1.1807474063593446,1.07454101842319,1.1973202421439026,0.337482578574324,6–8,770,0.0082236,0.1380963599999997,0.9M,pH3,Na2SO4
68,4,1000,23.292627038988616,62.48803055445288,24.208790099508093,62.49089091446934,1.7352319125819944,0.4855775285195484,3.4704638251639888,0.9711550570390968,22.229377312601216,25.272039825895494,62.0952122064553,62.88370926246692,85.7806575934415,87.35368774882508,1.6805798388951905,3.361159677790381,85.5696483681945,87.56469697407206,63.84,64.41,64.1075,64.09,0.0757783938312365,0.078700856464112,0.0772431609167979,0.0772466966859215,0.0227313758680351,0.0325889404389941,0.0287926523301084,0.0299251465067022,4,1.9794127869068772,1.0632497263874008,0.3956787080140387,0.3928183479975757,1.784039380630574,0.2110092252469826,8–10,1013,0.0121357399999999,0.1380963599999997,0.9M,pH3,Na2SO4
69,5,1500,46.84220297876991,44.74422546727346,47.03081700109678,44.417768001563424,1.575219622696812,0.8680294058630742,3.150439245393624,1.7360588117261484,44.98860697138047,48.88441300848622,43.351546803920336,45.81044666491655,91.58642844604336,91.4485850026602,0.7493636415787648,1.4987272831575296,90.79905363629702,92.23595981240656,67.98,68.53,68.27,68.285,0.0746199831228257,0.0808128434082737,0.077153495162967,0.0765905770603842,0.0742646131126669,0.0866270958082392,0.0807710859491489,0.0810963174378447,4,2.0422100297163084,1.8535960073894413,1.0662211976430882,1.3926786633531236,0.6495313663631777,0.7873748097463533,10–12,1509,0.0214277999999999,0.1380963599999997,0.9M,pH3,Na2SO4
70,6,2000,63.67678326830973,31.56622019127724,63.94660649262856,31.62514640781827,1.5097088876226985,1.0351074477669109,3.019417775245397,2.0702148955338218,61.989783786207376,65.63360597473093,30.230537457024333,32.96082914207118,95.24300345958696,95.57175290044684,0.5122445903024879,1.0244891806049758,94.95061292827856,95.86414343175524,72.89,73.68,73.27,73.255,0.0625859848703623,0.0724688028166476,0.067653686308839,0.067779978774173,0.1285048386223745,0.1432866244428572,0.1364740249002187,0.1370523182678215,4,1.9568227064211852,1.6869994821023653,1.3946089507939377,1.3356827342529058,0.6211399721682795,0.2923905313084134,12–14,2013,0.03184566,0.1380963599999997,0.9M,pH3,Na2SO4
71,7,3000,78.4987021016405,19.38283850901778,79.20631754874148,19.51087562603617,1.4797079448877737,0.7280252705071247,2.959415889775547,1.4560505410142497,77.32126661894725,80.38375303143474,18.42978498153286,20.463929153521093,97.88154061065828,98.71719317477763,0.877671610786995,1.75534322157399,97.78519577246834,98.8135380129676,81.83,83.49,82.66749999999999,82.675,0.0503475271530448,0.0592603523531827,0.0551683651400281,0.0555327905269424,0.2118508591977794,0.2309745888087707,0.2234267730470324,0.2254408220907897,4,1.8850509297942324,1.1774354826932552,1.0810906445033126,0.953053527484922,0.9319974023092924,0.0963448381899638,14–16,3009,0.0568700999999999,0.1380963599999997,0.9M,pH3,Na2SO4
